City/District,Waste Type,Waste Generated (Tons/Day),Recycling Rate (%),Population Density (People/kmÂ²),Municipal Efficiency Score (1-10),Disposal Method,Cost of Waste Management,Awareness Campaigns Count,Landfill Name,Landfill Capacity (Tons),Year,Landfill Lat,Landfill Long
Mumbai,Plastic,6610,68,11191,9,Composting,3056.0,14,Mumbai Landfill,45575,2019,22.4265,77.4931
Mumbai,Organic,1181,56,11191,5,Composting,2778.0,12,Mumbai Landfill,45575,2019,22.4265,77.4931
Mumbai,E-Waste,8162,53,11191,8,Incineration,3390.0,13,Mumbai Landfill,45575,2019,22.4265,77.4931
Mumbai,Construction,8929,56,11191,5,Landfill,1498.0,14,Mumbai Landfill,45575,2019,22.4265,77.4931
Mumbai,Hazardous,5032,44,11191,7,Recycling,2221.0,16,Mumbai Landfill,45575,2019,22.4265,77.4931
Mumbai,Plastic,7456,73,11191,9,Landfill,3195.0,6,Mumbai Landfill,45575,2020,22.4265,77.4931
Mumbai,Organic,7118,37,11191,6,Composting,3686.0,14,Mumbai Landfill,45575,2020,22.4265,77.4931
Mumbai,E-Waste,9189,57,11191,10,Landfill,1791.0,12,Mumbai Landfill,45575,2020,22.4265,77.4931
Mumbai,Construction,8609,48,11191,8,Incineration,1681.0,20,Mumbai Landfill,45575,2020,22.4265,77.4931
Mumbai,Hazardous,6632,71,11191,6,Incineration,2311.0,12,Mumbai Landfill,45575,2020,22.4265,77.4931
Mumbai,Plastic,6932,81,11191,10,Incineration,2543.0,16,Mumbai Landfill,45575,2021,22.4265,77.4931
Mumbai,Organic,4171,44,11191,9,Incineration,4756.0,14,Mumbai Landfill,45575,2021,22.4265,77.4931
Mumbai,E-Waste,5095,30,11191,10,Composting,3586.0,2,Mumbai Landfill,45575,2021,22.4265,77.4931
Mumbai,Construction,3514,77,11191,9,Incineration,3520.0,0,Mumbai Landfill,45575,2021,22.4265,77.4931
Mumbai,Hazardous,4505,54,11191,10,Composting,3655.0,4,Mumbai Landfill,45575,2021,22.4265,77.4931
Mumbai,Plastic,2501,41,11191,9,Recycling,1194.0,4,Mumbai Landfill,45575,2022,22.4265,77.4931
Mumbai,Organic,3348,79,11191,6,Incineration,2383.0,10,Mumbai Landfill,45575,2022,22.4265,77.4931
Mumbai,E-Waste,6915,41,11191,9,Incineration,2324.0,1,Mumbai Landfill,45575,2022,22.4265,77.4931
Mumbai,Construction,5862,48,11191,7,Landfill,2867.0,19,Mumbai Landfill,45575,2022,22.4265,77.4931
Mumbai,Hazardous,4856,74,11191,10,Landfill,826.0,1,Mumbai Landfill,45575,2022,22.4265,77.4931
Mumbai,Plastic,6569,48,11191,5,Landfill,4287.0,16,Mumbai Landfill,45575,2023,22.4265,77.4931
Mumbai,Organic,7809,35,11191,8,Recycling,3128.0,7,Mumbai Landfill,45575,2023,22.4265,77.4931
Mumbai,E-Waste,7232,82,11191,6,Landfill,1565.0,9,Mumbai Landfill,45575,2023,22.4265,77.4931
Mumbai,Construction,4039,54,11191,9,Recycling,1252.0,12,Mumbai Landfill,45575,2023,22.4265,77.4931
Mumbai,Hazardous,7077,70,11191,9,Incineration,2850.0,5,Mumbai Landfill,45575,2023,22.4265,77.4931
Delhi,Plastic,1061,59,14376,5,Landfill,4240.0,1,Delhi Landfill,74509,2019,30.2591,91.9376
Delhi,Organic,2224,84,14376,10,Landfill,3219.0,4,Delhi Landfill,74509,2019,30.2591,91.9376
Delhi,E-Waste,2395,43,14376,5,Composting,2005.0,1,Delhi Landfill,74509,2019,30.2591,91.9376
Delhi,Construction,1887,80,14376,7,Incineration,4307.0,4,Delhi Landfill,74509,2019,30.2591,91.9376
Delhi,Hazardous,4158,48,14376,5,Composting,4183.0,6,Delhi Landfill,74509,2019,30.2591,91.9376
Delhi,Plastic,763,75,14376,5,Recycling,1337.0,20,Delhi Landfill,74509,2020,30.2591,91.9376
Delhi,Organic,7143,69,14376,9,Landfill,682.0,16,Delhi Landfill,74509,2020,30.2591,91.9376
Delhi,E-Waste,7516,84,14376,5,Composting,620.0,18,Delhi Landfill,74509,2020,30.2591,91.9376
Delhi,Construction,3125,77,14376,8,Recycling,4345.0,5,Delhi Landfill,74509,2020,30.2591,91.9376
Delhi,Hazardous,6574,84,14376,8,Incineration,913.0,20,Delhi Landfill,74509,2020,30.2591,91.9376
Delhi,Plastic,3407,82,14376,10,Composting,2802.0,4,Delhi Landfill,74509,2021,30.2591,91.9376
Delhi,Organic,9617,36,14376,6,Recycling,2676.0,5,Delhi Landfill,74509,2021,30.2591,91.9376
Delhi,E-Waste,1426,38,14376,5,Composting,1674.0,2,Delhi Landfill,74509,2021,30.2591,91.9376
Delhi,Construction,8566,34,14376,8,Landfill,2594.0,19,Delhi Landfill,74509,2021,30.2591,91.9376
Delhi,Hazardous,2873,76,14376,8,Incineration,1904.0,16,Delhi Landfill,74509,2021,30.2591,91.9376
Delhi,Plastic,6770,66,14376,10,Landfill,3496.0,2,Delhi Landfill,74509,2022,30.2591,91.9376
Delhi,Organic,8105,40,14376,8,Recycling,3175.0,12,Delhi Landfill,74509,2022,30.2591,91.9376
Delhi,E-Waste,6564,72,14376,7,Recycling,4437.0,13,Delhi Landfill,74509,2022,30.2591,91.9376
Delhi,Construction,7226,48,14376,8,Incineration,2360.0,11,Delhi Landfill,74509,2022,30.2591,91.9376
Delhi,Hazardous,3464,32,14376,6,Incineration,2523.0,1,Delhi Landfill,74509,2022,30.2591,91.9376
Delhi,Plastic,2397,67,14376,9,Landfill,3644.0,0,Delhi Landfill,74509,2023,30.2591,91.9376
Delhi,Organic,9092,71,14376,6,Landfill,2194.0,14,Delhi Landfill,74509,2023,30.2591,91.9376
Delhi,E-Waste,7257,32,14376,5,Incineration,3259.0,5,Delhi Landfill,74509,2023,30.2591,91.9376
Delhi,Construction,8220,66,14376,6,Incineration,1687.0,10,Delhi Landfill,74509,2023,30.2591,91.9376
Delhi,Hazardous,3054,32,14376,9,Landfill,1135.0,7,Delhi Landfill,74509,2023,30.2591,91.9376
Bengaluru,Plastic,7843,36,18195,10,Incineration,4211.0,13,Bengaluru Landfill,52609,2019,15.7581,85.4837
Bengaluru,Organic,8884,32,18195,6,Incineration,4262.0,17,Bengaluru Landfill,52609,2019,15.7581,85.4837
Bengaluru,E-Waste,2167,61,18195,6,Recycling,4554.0,0,Bengaluru Landfill,52609,2019,15.7581,85.4837
Bengaluru,Construction,4750,31,18195,7,Composting,4444.0,2,Bengaluru Landfill,52609,2019,15.7581,85.4837
Bengaluru,Hazardous,8952,43,18195,5,Recycling,2956.0,0,Bengaluru Landfill,52609,2019,15.7581,85.4837
Bengaluru,Plastic,7075,84,18195,6,Incineration,4993.0,15,Bengaluru Landfill,52609,2020,15.7581,85.4837
Bengaluru,Organic,3653,83,18195,5,Composting,3975.0,1,Bengaluru Landfill,52609,2020,15.7581,85.4837
Bengaluru,E-Waste,5477,40,18195,10,Incineration,3064.0,14,Bengaluru Landfill,52609,2020,15.7581,85.4837
Bengaluru,Construction,6105,83,18195,6,Incineration,2320.0,18,Bengaluru Landfill,52609,2020,15.7581,85.4837
Bengaluru,Hazardous,941,63,18195,5,Landfill,3733.0,6,Bengaluru Landfill,52609,2020,15.7581,85.4837
Bengaluru,Plastic,798,36,18195,8,Incineration,2456.0,11,Bengaluru Landfill,52609,2021,15.7581,85.4837
Bengaluru,Organic,994,51,18195,6,Recycling,2169.0,15,Bengaluru Landfill,52609,2021,15.7581,85.4837
Bengaluru,E-Waste,8114,56,18195,8,Recycling,4323.0,6,Bengaluru Landfill,52609,2021,15.7581,85.4837
Bengaluru,Construction,6555,34,18195,7,Composting,2973.0,17,Bengaluru Landfill,52609,2021,15.7581,85.4837
Bengaluru,Hazardous,4008,47,18195,10,Incineration,3873.0,5,Bengaluru Landfill,52609,2021,15.7581,85.4837
Bengaluru,Plastic,3739,43,18195,5,Recycling,2073.0,9,Bengaluru Landfill,52609,2022,15.7581,85.4837
Bengaluru,Organic,909,54,18195,10,Composting,1000.0,20,Bengaluru Landfill,52609,2022,15.7581,85.4837
Bengaluru,E-Waste,5864,51,18195,9,Landfill,4645.0,19,Bengaluru Landfill,52609,2022,15.7581,85.4837
Bengaluru,Construction,512,65,18195,6,Incineration,3796.0,17,Bengaluru Landfill,52609,2022,15.7581,85.4837
Bengaluru,Hazardous,902,85,18195,7,Landfill,1379.0,14,Bengaluru Landfill,52609,2022,15.7581,85.4837
Bengaluru,Plastic,5280,68,18195,9,Landfill,2386.0,10,Bengaluru Landfill,52609,2023,15.7581,85.4837
Bengaluru,Organic,7135,79,18195,5,Incineration,3919.0,17,Bengaluru Landfill,52609,2023,15.7581,85.4837
Bengaluru,E-Waste,7667,81,18195,6,Landfill,2745.0,10,Bengaluru Landfill,52609,2023,15.7581,85.4837
Bengaluru,Construction,3159,43,18195,10,Recycling,4007.0,7,Bengaluru Landfill,52609,2023,15.7581,85.4837
Bengaluru,Hazardous,5891,59,18195,7,Incineration,2202.0,15,Bengaluru Landfill,52609,2023,15.7581,85.4837
Chennai,Plastic,6159,74,21430,10,Composting,3282.0,13,Chennai Landfill,65486,2019,29.4633,80.8873
Chennai,Organic,6358,53,21430,5,Composting,4225.0,1,Chennai Landfill,65486,2019,29.4633,80.8873
Chennai,E-Waste,6787,50,21430,5,Landfill,1623.0,7,Chennai Landfill,65486,2019,29.4633,80.8873
Chennai,Construction,628,41,21430,10,Recycling,837.0,7,Chennai Landfill,65486,2019,29.4633,80.8873
Chennai,Hazardous,1639,50,21430,9,Composting,3225.0,19,Chennai Landfill,65486,2019,29.4633,80.8873
Chennai,Plastic,1760,68,21430,8,Incineration,2871.0,18,Chennai Landfill,65486,2020,29.4633,80.8873
Chennai,Organic,6805,32,21430,5,Composting,1988.0,3,Chennai Landfill,65486,2020,29.4633,80.8873
Chennai,E-Waste,5763,67,21430,5,Landfill,1453.0,0,Chennai Landfill,65486,2020,29.4633,80.8873
Chennai,Construction,8100,76,21430,9,Incineration,2855.0,1,Chennai Landfill,65486,2020,29.4633,80.8873
Chennai,Hazardous,651,46,21430,8,Recycling,533.0,7,Chennai Landfill,65486,2020,29.4633,80.8873
Chennai,Plastic,4648,60,21430,9,Landfill,1389.0,0,Chennai Landfill,65486,2021,29.4633,80.8873
Chennai,Organic,8394,72,21430,6,Incineration,4236.0,15,Chennai Landfill,65486,2021,29.4633,80.8873
Chennai,E-Waste,4255,31,21430,6,Landfill,3888.0,17,Chennai Landfill,65486,2021,29.4633,80.8873
Chennai,Construction,4259,65,21430,7,Composting,1620.0,10,Chennai Landfill,65486,2021,29.4633,80.8873
Chennai,Hazardous,552,31,21430,7,Incineration,2450.0,2,Chennai Landfill,65486,2021,29.4633,80.8873
Chennai,Plastic,1858,61,21430,5,Incineration,4476.0,3,Chennai Landfill,65486,2022,29.4633,80.8873
Chennai,Organic,5933,71,21430,8,Recycling,3180.0,20,Chennai Landfill,65486,2022,29.4633,80.8873
Chennai,E-Waste,7231,36,21430,7,Incineration,3588.0,12,Chennai Landfill,65486,2022,29.4633,80.8873
Chennai,Construction,8389,79,21430,10,Incineration,3449.0,20,Chennai Landfill,65486,2022,29.4633,80.8873
Chennai,Hazardous,6393,53,21430,7,Landfill,764.0,16,Chennai Landfill,65486,2022,29.4633,80.8873
Chennai,Plastic,4234,44,21430,8,Composting,3634.0,19,Chennai Landfill,65486,2023,29.4633,80.8873
Chennai,Organic,7743,64,21430,7,Recycling,2483.0,20,Chennai Landfill,65486,2023,29.4633,80.8873
Chennai,E-Waste,618,85,21430,6,Incineration,1982.0,15,Chennai Landfill,65486,2023,29.4633,80.8873
Chennai,Construction,4852,69,21430,5,Recycling,4411.0,8,Chennai Landfill,65486,2023,29.4633,80.8873
Chennai,Hazardous,3096,45,21430,8,Composting,896.0,19,Chennai Landfill,65486,2023,29.4633,80.8873
Kolkata,Plastic,7992,32,17335,9,Composting,2038.0,20,Kolkata Landfill,80985,2019,16.068,72.6096
Kolkata,Organic,8041,71,17335,6,Composting,4200.0,6,Kolkata Landfill,80985,2019,16.068,72.6096
Kolkata,E-Waste,812,50,17335,10,Recycling,3118.0,16,Kolkata Landfill,80985,2019,16.068,72.6096
Kolkata,Construction,4954,63,17335,10,Incineration,1135.0,14,Kolkata Landfill,80985,2019,16.068,72.6096
Kolkata,Hazardous,626,53,17335,5,Recycling,4504.0,6,Kolkata Landfill,80985,2019,16.068,72.6096
Kolkata,Plastic,1569,52,17335,10,Composting,2719.0,4,Kolkata Landfill,80985,2020,16.068,72.6096
Kolkata,Organic,6472,74,17335,5,Landfill,3328.0,14,Kolkata Landfill,80985,2020,16.068,72.6096
Kolkata,E-Waste,6409,50,17335,9,Composting,1796.0,11,Kolkata Landfill,80985,2020,16.068,72.6096
Kolkata,Construction,2509,60,17335,5,Composting,2411.0,20,Kolkata Landfill,80985,2020,16.068,72.6096
Kolkata,Hazardous,5709,58,17335,10,Incineration,4414.0,3,Kolkata Landfill,80985,2020,16.068,72.6096
Kolkata,Plastic,3627,67,17335,6,Incineration,4952.0,16,Kolkata Landfill,80985,2021,16.068,72.6096
Kolkata,Organic,9186,35,17335,6,Landfill,4649.0,9,Kolkata Landfill,80985,2021,16.068,72.6096
Kolkata,E-Waste,2735,54,17335,8,Composting,2923.0,1,Kolkata Landfill,80985,2021,16.068,72.6096
Kolkata,Construction,1989,45,17335,7,Recycling,2795.0,8,Kolkata Landfill,80985,2021,16.068,72.6096
Kolkata,Hazardous,2740,34,17335,8,Recycling,1795.0,7,Kolkata Landfill,80985,2021,16.068,72.6096
Kolkata,Plastic,1267,51,17335,7,Incineration,4565.0,9,Kolkata Landfill,80985,2022,16.068,72.6096
Kolkata,Organic,545,61,17335,5,Landfill,4082.0,13,Kolkata Landfill,80985,2022,16.068,72.6096
Kolkata,E-Waste,1714,81,17335,7,Composting,2394.0,11,Kolkata Landfill,80985,2022,16.068,72.6096
Kolkata,Construction,7568,65,17335,5,Incineration,3770.0,0,Kolkata Landfill,80985,2022,16.068,72.6096
Kolkata,Hazardous,8057,32,17335,5,Composting,2400.0,3,Kolkata Landfill,80985,2022,16.068,72.6096
Kolkata,Plastic,6343,80,17335,7,Recycling,1064.0,17,Kolkata Landfill,80985,2023,16.068,72.6096
Kolkata,Organic,1654,71,17335,10,Incineration,2348.0,11,Kolkata Landfill,80985,2023,16.068,72.6096
Kolkata,E-Waste,9639,60,17335,10,Landfill,2743.0,11,Kolkata Landfill,80985,2023,16.068,72.6096
Kolkata,Construction,4040,77,17335,6,Landfill,2119.0,16,Kolkata Landfill,80985,2023,16.068,72.6096
Kolkata,Hazardous,956,81,17335,9,Landfill,673.0,10,Kolkata Landfill,80985,2023,16.068,72.6096
Hyderabad,Plastic,5089,66,7927,6,Recycling,1103.0,10,Hyderabad Landfill,34239,2019,34.069,82.1518
Hyderabad,Organic,588,32,7927,6,Incineration,3131.0,5,Hyderabad Landfill,34239,2019,34.069,82.1518
Hyderabad,E-Waste,6487,37,7927,9,Incineration,2065.0,0,Hyderabad Landfill,34239,2019,34.069,82.1518
Hyderabad,Construction,2163,52,7927,5,Incineration,2206.0,7,Hyderabad Landfill,34239,2019,34.069,82.1518
Hyderabad,Hazardous,1887,48,7927,7,Composting,3526.0,17,Hyderabad Landfill,34239,2019,34.069,82.1518
Hyderabad,Plastic,3899,59,7927,7,Incineration,2812.0,5,Hyderabad Landfill,34239,2020,34.069,82.1518
Hyderabad,Organic,7422,73,7927,9,Landfill,3646.0,19,Hyderabad Landfill,34239,2020,34.069,82.1518
Hyderabad,E-Waste,2765,39,7927,7,Recycling,1602.0,15,Hyderabad Landfill,34239,2020,34.069,82.1518
Hyderabad,Construction,5337,72,7927,7,Composting,4205.0,2,Hyderabad Landfill,34239,2020,34.069,82.1518
Hyderabad,Hazardous,1713,85,7927,5,Incineration,4307.0,17,Hyderabad Landfill,34239,2020,34.069,82.1518
Hyderabad,Plastic,7858,79,7927,7,Composting,3494.0,8,Hyderabad Landfill,34239,2021,34.069,82.1518
Hyderabad,Organic,6905,46,7927,5,Incineration,1624.0,2,Hyderabad Landfill,34239,2021,34.069,82.1518
Hyderabad,E-Waste,1285,72,7927,9,Incineration,1411.0,19,Hyderabad Landfill,34239,2021,34.069,82.1518
Hyderabad,Construction,805,34,7927,6,Recycling,1077.0,11,Hyderabad Landfill,34239,2021,34.069,82.1518
Hyderabad,Hazardous,742,83,7927,5,Composting,2985.0,12,Hyderabad Landfill,34239,2021,34.069,82.1518
Hyderabad,Plastic,5774,48,7927,6,Incineration,3095.0,7,Hyderabad Landfill,34239,2022,34.069,82.1518
Hyderabad,Organic,1013,80,7927,8,Composting,823.0,3,Hyderabad Landfill,34239,2022,34.069,82.1518
Hyderabad,E-Waste,708,42,7927,6,Landfill,1987.0,0,Hyderabad Landfill,34239,2022,34.069,82.1518
Hyderabad,Construction,2667,39,7927,6,Incineration,4911.0,4,Hyderabad Landfill,34239,2022,34.069,82.1518
Hyderabad,Hazardous,8430,82,7927,7,Landfill,706.0,3,Hyderabad Landfill,34239,2022,34.069,82.1518
Hyderabad,Plastic,4495,51,7927,5,Composting,1787.0,10,Hyderabad Landfill,34239,2023,34.069,82.1518
Hyderabad,Organic,1514,44,7927,7,Incineration,4521.0,3,Hyderabad Landfill,34239,2023,34.069,82.1518
Hyderabad,E-Waste,1598,61,7927,8,Landfill,3658.0,4,Hyderabad Landfill,34239,2023,34.069,82.1518
Hyderabad,Construction,4204,31,7927,8,Incineration,2208.0,8,Hyderabad Landfill,34239,2023,34.069,82.1518
Hyderabad,Hazardous,4592,69,7927,10,Composting,4701.0,12,Hyderabad Landfill,34239,2023,34.069,82.1518
Pune,Plastic,8897,48,12547,6,Incineration,4355.0,15,Pune Landfill,49524,2019,28.7237,84.2278
Pune,Organic,8028,68,12547,8,Composting,3502.0,19,Pune Landfill,49524,2019,28.7237,84.2278
Pune,E-Waste,3125,36,12547,7,Recycling,969.0,14,Pune Landfill,49524,2019,28.7237,84.2278
Pune,Construction,9857,62,12547,7,Landfill,2667.0,12,Pune Landfill,49524,2019,28.7237,84.2278
Pune,Hazardous,5547,46,12547,7,Composting,1229.0,11,Pune Landfill,49524,2019,28.7237,84.2278
Pune,Plastic,2280,52,12547,9,Landfill,2575.0,6,Pune Landfill,49524,2020,28.7237,84.2278
Pune,Organic,1926,53,12547,9,Recycling,3238.0,19,Pune Landfill,49524,2020,28.7237,84.2278
Pune,E-Waste,8098,36,12547,9,Incineration,2009.0,5,Pune Landfill,49524,2020,28.7237,84.2278
Pune,Construction,1089,85,12547,6,Composting,798.0,14,Pune Landfill,49524,2020,28.7237,84.2278
Pune,Hazardous,8742,61,12547,5,Landfill,2713.0,13,Pune Landfill,49524,2020,28.7237,84.2278
Pune,Plastic,4485,66,12547,8,Landfill,3069.0,11,Pune Landfill,49524,2021,28.7237,84.2278
Pune,Organic,6145,44,12547,5,Composting,1707.0,6,Pune Landfill,49524,2021,28.7237,84.2278
Pune,E-Waste,8407,61,12547,6,Composting,3974.0,3,Pune Landfill,49524,2021,28.7237,84.2278
Pune,Construction,511,33,12547,5,Recycling,1998.0,6,Pune Landfill,49524,2021,28.7237,84.2278
Pune,Hazardous,1623,57,12547,5,Composting,3589.0,20,Pune Landfill,49524,2021,28.7237,84.2278
Pune,Plastic,3578,39,12547,7,Recycling,2681.0,11,Pune Landfill,49524,2022,28.7237,84.2278
Pune,Organic,7921,69,12547,7,Incineration,3569.0,7,Pune Landfill,49524,2022,28.7237,84.2278
Pune,E-Waste,9741,75,12547,10,Incineration,4988.0,1,Pune Landfill,49524,2022,28.7237,84.2278
Pune,Construction,4804,36,12547,6,Composting,3338.0,13,Pune Landfill,49524,2022,28.7237,84.2278
Pune,Hazardous,8508,55,12547,10,Incineration,3321.0,7,Pune Landfill,49524,2022,28.7237,84.2278
Pune,Plastic,5594,76,12547,5,Landfill,4656.0,8,Pune Landfill,49524,2023,28.7237,84.2278
Pune,Organic,3851,83,12547,6,Recycling,3334.0,12,Pune Landfill,49524,2023,28.7237,84.2278
Pune,E-Waste,8611,30,12547,9,Incineration,1359.0,5,Pune Landfill,49524,2023,28.7237,84.2278
Pune,Construction,2012,45,12547,10,Landfill,2368.0,6,Pune Landfill,49524,2023,28.7237,84.2278
Pune,Hazardous,9234,31,12547,7,Landfill,2438.0,15,Pune Landfill,49524,2023,28.7237,84.2278
Ahmedabad,Plastic,9807,67,9464,5,Landfill,4632.0,17,Ahmedabad Landfill,69399,2019,19.3868,72.7845
Ahmedabad,Organic,1302,56,9464,9,Recycling,673.0,19,Ahmedabad Landfill,69399,2019,19.3868,72.7845
Ahmedabad,E-Waste,6409,76,9464,7,Incineration,2025.0,2,Ahmedabad Landfill,69399,2019,19.3868,72.7845
Ahmedabad,Construction,5933,68,9464,8,Landfill,2882.0,7,Ahmedabad Landfill,69399,2019,19.3868,72.7845
Ahmedabad,Hazardous,2686,81,9464,9,Incineration,1638.0,9,Ahmedabad Landfill,69399,2019,19.3868,72.7845
Ahmedabad,Plastic,5578,55,9464,6,Recycling,2669.0,12,Ahmedabad Landfill,69399,2020,19.3868,72.7845
Ahmedabad,Organic,929,54,9464,6,Incineration,578.0,12,Ahmedabad Landfill,69399,2020,19.3868,72.7845
Ahmedabad,E-Waste,2118,57,9464,5,Composting,3419.0,11,Ahmedabad Landfill,69399,2020,19.3868,72.7845
Ahmedabad,Construction,1658,81,9464,7,Composting,2089.0,15,Ahmedabad Landfill,69399,2020,19.3868,72.7845
Ahmedabad,Hazardous,3762,69,9464,7,Incineration,4671.0,11,Ahmedabad Landfill,69399,2020,19.3868,72.7845
Ahmedabad,Plastic,4012,58,9464,7,Landfill,3619.0,19,Ahmedabad Landfill,69399,2021,19.3868,72.7845
Ahmedabad,Organic,7895,78,9464,5,Landfill,4526.0,20,Ahmedabad Landfill,69399,2021,19.3868,72.7845
Ahmedabad,E-Waste,7663,74,9464,5,Landfill,4370.0,4,Ahmedabad Landfill,69399,2021,19.3868,72.7845
Ahmedabad,Construction,4118,79,9464,10,Landfill,2440.0,19,Ahmedabad Landfill,69399,2021,19.3868,72.7845
Ahmedabad,Hazardous,5791,43,9464,9,Incineration,4871.0,19,Ahmedabad Landfill,69399,2021,19.3868,72.7845
Ahmedabad,Plastic,1334,55,9464,8,Composting,1390.0,1,Ahmedabad Landfill,69399,2022,19.3868,72.7845
Ahmedabad,Organic,3467,42,9464,10,Composting,2845.0,19,Ahmedabad Landfill,69399,2022,19.3868,72.7845
Ahmedabad,E-Waste,2458,58,9464,7,Landfill,1591.0,4,Ahmedabad Landfill,69399,2022,19.3868,72.7845
Ahmedabad,Construction,690,30,9464,6,Composting,2807.0,8,Ahmedabad Landfill,69399,2022,19.3868,72.7845
Ahmedabad,Hazardous,4104,83,9464,9,Incineration,3750.0,5,Ahmedabad Landfill,69399,2022,19.3868,72.7845
Ahmedabad,Plastic,9593,38,9464,10,Recycling,3688.0,15,Ahmedabad Landfill,69399,2023,19.3868,72.7845
Ahmedabad,Organic,3814,69,9464,7,Recycling,3256.0,0,Ahmedabad Landfill,69399,2023,19.3868,72.7845
Ahmedabad,E-Waste,2978,30,9464,5,Incineration,1070.0,10,Ahmedabad Landfill,69399,2023,19.3868,72.7845
Ahmedabad,Construction,8892,54,9464,5,Composting,2781.0,20,Ahmedabad Landfill,69399,2023,19.3868,72.7845
Ahmedabad,Hazardous,7540,78,9464,6,Recycling,3134.0,7,Ahmedabad Landfill,69399,2023,19.3868,72.7845
Jaipur,Plastic,5518,33,2335,5,Incineration,835.0,2,Jaipur Landfill,71127,2019,11.6909,94.4267
Jaipur,Organic,6249,44,2335,7,Composting,2634.0,8,Jaipur Landfill,71127,2019,11.6909,94.4267
Jaipur,E-Waste,5899,68,2335,5,Incineration,1058.0,14,Jaipur Landfill,71127,2019,11.6909,94.4267
Jaipur,Construction,3452,48,2335,7,Recycling,4230.0,14,Jaipur Landfill,71127,2019,11.6909,94.4267
Jaipur,Hazardous,4108,31,2335,9,Landfill,3132.0,2,Jaipur Landfill,71127,2019,11.6909,94.4267
Jaipur,Plastic,9183,55,2335,6,Landfill,1898.0,12,Jaipur Landfill,71127,2020,11.6909,94.4267
Jaipur,Organic,6175,80,2335,9,Recycling,765.0,19,Jaipur Landfill,71127,2020,11.6909,94.4267
Jaipur,E-Waste,9774,51,2335,10,Incineration,1909.0,7,Jaipur Landfill,71127,2020,11.6909,94.4267
Jaipur,Construction,7448,81,2335,9,Landfill,3668.0,0,Jaipur Landfill,71127,2020,11.6909,94.4267
Jaipur,Hazardous,9780,63,2335,9,Composting,2809.0,3,Jaipur Landfill,71127,2020,11.6909,94.4267
Jaipur,Plastic,6413,63,2335,10,Recycling,3165.0,20,Jaipur Landfill,71127,2021,11.6909,94.4267
Jaipur,Organic,1018,70,2335,8,Recycling,4760.0,10,Jaipur Landfill,71127,2021,11.6909,94.4267
Jaipur,E-Waste,4152,65,2335,7,Recycling,657.0,5,Jaipur Landfill,71127,2021,11.6909,94.4267
Jaipur,Construction,9976,59,2335,5,Incineration,2344.0,15,Jaipur Landfill,71127,2021,11.6909,94.4267
Jaipur,Hazardous,5281,36,2335,9,Incineration,1944.0,10,Jaipur Landfill,71127,2021,11.6909,94.4267
Jaipur,Plastic,8379,55,2335,9,Landfill,2826.0,19,Jaipur Landfill,71127,2022,11.6909,94.4267
Jaipur,Organic,8991,49,2335,9,Landfill,4032.0,15,Jaipur Landfill,71127,2022,11.6909,94.4267
Jaipur,E-Waste,3448,85,2335,10,Landfill,1049.0,3,Jaipur Landfill,71127,2022,11.6909,94.4267
Jaipur,Construction,9043,54,2335,9,Composting,4211.0,19,Jaipur Landfill,71127,2022,11.6909,94.4267
Jaipur,Hazardous,8600,60,2335,7,Incineration,3201.0,1,Jaipur Landfill,71127,2022,11.6909,94.4267
Jaipur,Plastic,5068,53,2335,6,Composting,3801.0,11,Jaipur Landfill,71127,2023,11.6909,94.4267
Jaipur,Organic,6958,65,2335,5,Composting,1632.0,6,Jaipur Landfill,71127,2023,11.6909,94.4267
Jaipur,E-Waste,2534,45,2335,5,Composting,1614.0,15,Jaipur Landfill,71127,2023,11.6909,94.4267
Jaipur,Construction,5821,79,2335,9,Landfill,3734.0,1,Jaipur Landfill,71127,2023,11.6909,94.4267
Jaipur,Hazardous,4527,67,2335,7,Composting,2453.0,9,Jaipur Landfill,71127,2023,11.6909,94.4267
Lucknow,Plastic,9719,47,23465,7,Incineration,1414.0,11,Lucknow Landfill,80251,2019,10.3904,81.8808
Lucknow,Organic,3449,55,23465,6,Landfill,4823.0,12,Lucknow Landfill,80251,2019,10.3904,81.8808
Lucknow,E-Waste,9765,52,23465,10,Recycling,2068.0,15,Lucknow Landfill,80251,2019,10.3904,81.8808
Lucknow,Construction,4061,53,23465,8,Incineration,1863.0,17,Lucknow Landfill,80251,2019,10.3904,81.8808
Lucknow,Hazardous,5427,49,23465,9,Landfill,1299.0,16,Lucknow Landfill,80251,2019,10.3904,81.8808
Lucknow,Plastic,9676,30,23465,9,Recycling,527.0,16,Lucknow Landfill,80251,2020,10.3904,81.8808
Lucknow,Organic,974,33,23465,10,Landfill,1791.0,2,Lucknow Landfill,80251,2020,10.3904,81.8808
Lucknow,E-Waste,8698,71,23465,5,Landfill,4353.0,10,Lucknow Landfill,80251,2020,10.3904,81.8808
Lucknow,Construction,979,56,23465,5,Landfill,3187.0,8,Lucknow Landfill,80251,2020,10.3904,81.8808
Lucknow,Hazardous,6425,52,23465,8,Incineration,2200.0,8,Lucknow Landfill,80251,2020,10.3904,81.8808
Lucknow,Plastic,5485,69,23465,9,Recycling,1887.0,17,Lucknow Landfill,80251,2021,10.3904,81.8808
Lucknow,Organic,4261,36,23465,6,Incineration,1107.0,19,Lucknow Landfill,80251,2021,10.3904,81.8808
Lucknow,E-Waste,2281,45,23465,8,Landfill,4891.0,7,Lucknow Landfill,80251,2021,10.3904,81.8808
Lucknow,Construction,4060,77,23465,6,Landfill,1363.0,20,Lucknow Landfill,80251,2021,10.3904,81.8808
Lucknow,Hazardous,6073,36,23465,7,Landfill,4873.0,6,Lucknow Landfill,80251,2021,10.3904,81.8808
Lucknow,Plastic,8714,53,23465,9,Incineration,4265.0,11,Lucknow Landfill,80251,2022,10.3904,81.8808
Lucknow,Organic,9845,55,23465,9,Recycling,3000.0,7,Lucknow Landfill,80251,2022,10.3904,81.8808
Lucknow,E-Waste,9114,36,23465,5,Recycling,3126.0,2,Lucknow Landfill,80251,2022,10.3904,81.8808
Lucknow,Construction,5748,73,23465,7,Composting,3385.0,4,Lucknow Landfill,80251,2022,10.3904,81.8808
Lucknow,Hazardous,3455,81,23465,10,Composting,2559.0,15,Lucknow Landfill,80251,2022,10.3904,81.8808
Lucknow,Plastic,9404,75,23465,9,Composting,1263.0,9,Lucknow Landfill,80251,2023,10.3904,81.8808
Lucknow,Organic,8622,42,23465,6,Recycling,2945.0,20,Lucknow Landfill,80251,2023,10.3904,81.8808
Lucknow,E-Waste,5529,50,23465,9,Composting,1973.0,16,Lucknow Landfill,80251,2023,10.3904,81.8808
Lucknow,Construction,3693,67,23465,7,Incineration,3089.0,3,Lucknow Landfill,80251,2023,10.3904,81.8808
Lucknow,Hazardous,6895,70,23465,5,Landfill,2047.0,18,Lucknow Landfill,80251,2023,10.3904,81.8808
Surat,Plastic,8754,47,24032,7,Landfill,4074.0,11,Surat Landfill,38471,2019,32.805,89.0238
Surat,Organic,4071,45,24032,9,Landfill,1912.0,12,Surat Landfill,38471,2019,32.805,89.0238
Surat,E-Waste,5878,40,24032,7,Recycling,4904.0,6,Surat Landfill,38471,2019,32.805,89.0238
Surat,Construction,2465,35,24032,5,Incineration,3305.0,11,Surat Landfill,38471,2019,32.805,89.0238
Surat,Hazardous,1873,70,24032,9,Recycling,3643.0,2,Surat Landfill,38471,2019,32.805,89.0238
Surat,Plastic,9318,66,24032,5,Incineration,3163.0,4,Surat Landfill,38471,2020,32.805,89.0238
Surat,Organic,4320,66,24032,8,Composting,4625.0,15,Surat Landfill,38471,2020,32.805,89.0238
Surat,E-Waste,3662,76,24032,5,Landfill,2282.0,1,Surat Landfill,38471,2020,32.805,89.0238
Surat,Construction,711,60,24032,7,Landfill,4375.0,19,Surat Landfill,38471,2020,32.805,89.0238
Surat,Hazardous,3540,51,24032,7,Landfill,4362.0,4,Surat Landfill,38471,2020,32.805,89.0238
Surat,Plastic,1690,55,24032,5,Incineration,799.0,9,Surat Landfill,38471,2021,32.805,89.0238
Surat,Organic,7629,64,24032,9,Landfill,617.0,13,Surat Landfill,38471,2021,32.805,89.0238
Surat,E-Waste,7181,75,24032,7,Composting,870.0,3,Surat Landfill,38471,2021,32.805,89.0238
Surat,Construction,2964,64,24032,6,Landfill,1093.0,10,Surat Landfill,38471,2021,32.805,89.0238
Surat,Hazardous,7457,49,24032,8,Composting,1591.0,12,Surat Landfill,38471,2021,32.805,89.0238
Surat,Plastic,8273,39,24032,5,Composting,2375.0,4,Surat Landfill,38471,2022,32.805,89.0238
Surat,Organic,3841,82,24032,6,Landfill,873.0,5,Surat Landfill,38471,2022,32.805,89.0238
Surat,E-Waste,6680,31,24032,6,Composting,3367.0,14,Surat Landfill,38471,2022,32.805,89.0238
Surat,Construction,9396,61,24032,10,Landfill,3159.0,11,Surat Landfill,38471,2022,32.805,89.0238
Surat,Hazardous,9819,71,24032,6,Recycling,3335.0,0,Surat Landfill,38471,2022,32.805,89.0238
Surat,Plastic,7045,36,24032,7,Incineration,4404.0,13,Surat Landfill,38471,2023,32.805,89.0238
Surat,Organic,7984,36,24032,9,Composting,3024.0,2,Surat Landfill,38471,2023,32.805,89.0238
Surat,E-Waste,4476,83,24032,5,Incineration,4780.0,9,Surat Landfill,38471,2023,32.805,89.0238
Surat,Construction,8728,46,24032,10,Incineration,739.0,13,Surat Landfill,38471,2023,32.805,89.0238
Surat,Hazardous,5131,52,24032,6,Incineration,4379.0,5,Surat Landfill,38471,2023,32.805,89.0238
Kanpur,Plastic,9164,46,18697,8,Incineration,3975.0,13,Kanpur Landfill,22690,2019,13.0189,89.182
Kanpur,Organic,7073,31,18697,8,Landfill,1308.0,15,Kanpur Landfill,22690,2019,13.0189,89.182
Kanpur,E-Waste,3244,48,18697,10,Landfill,2550.0,15,Kanpur Landfill,22690,2019,13.0189,89.182
Kanpur,Construction,1894,61,18697,5,Recycling,4219.0,9,Kanpur Landfill,22690,2019,13.0189,89.182
Kanpur,Hazardous,765,76,18697,8,Recycling,3043.0,2,Kanpur Landfill,22690,2019,13.0189,89.182
Kanpur,Plastic,7631,30,18697,10,Composting,1798.0,0,Kanpur Landfill,22690,2020,13.0189,89.182
Kanpur,Organic,5690,31,18697,7,Incineration,916.0,14,Kanpur Landfill,22690,2020,13.0189,89.182
Kanpur,E-Waste,1151,58,18697,8,Recycling,1324.0,5,Kanpur Landfill,22690,2020,13.0189,89.182
Kanpur,Construction,3512,33,18697,9,Landfill,600.0,13,Kanpur Landfill,22690,2020,13.0189,89.182
Kanpur,Hazardous,3659,85,18697,10,Composting,967.0,19,Kanpur Landfill,22690,2020,13.0189,89.182
Kanpur,Plastic,1685,32,18697,6,Composting,4424.0,12,Kanpur Landfill,22690,2021,13.0189,89.182
Kanpur,Organic,2380,51,18697,6,Landfill,3237.0,18,Kanpur Landfill,22690,2021,13.0189,89.182
Kanpur,E-Waste,2425,67,18697,6,Recycling,2881.0,11,Kanpur Landfill,22690,2021,13.0189,89.182
Kanpur,Construction,2175,49,18697,5,Landfill,4912.0,20,Kanpur Landfill,22690,2021,13.0189,89.182
Kanpur,Hazardous,9047,65,18697,6,Recycling,4499.0,12,Kanpur Landfill,22690,2021,13.0189,89.182
Kanpur,Plastic,7509,84,18697,9,Incineration,2977.0,0,Kanpur Landfill,22690,2022,13.0189,89.182
Kanpur,Organic,4907,35,18697,10,Landfill,1193.0,14,Kanpur Landfill,22690,2022,13.0189,89.182
Kanpur,E-Waste,8691,36,18697,9,Recycling,2462.0,14,Kanpur Landfill,22690,2022,13.0189,89.182
Kanpur,Construction,2431,64,18697,6,Recycling,4364.0,19,Kanpur Landfill,22690,2022,13.0189,89.182
Kanpur,Hazardous,9223,67,18697,5,Recycling,902.0,8,Kanpur Landfill,22690,2022,13.0189,89.182
Kanpur,Plastic,4064,36,18697,10,Landfill,2196.0,4,Kanpur Landfill,22690,2023,13.0189,89.182
Kanpur,Organic,2382,80,18697,8,Landfill,716.0,2,Kanpur Landfill,22690,2023,13.0189,89.182
Kanpur,E-Waste,3758,62,18697,6,Composting,2497.0,20,Kanpur Landfill,22690,2023,13.0189,89.182
Kanpur,Construction,9586,35,18697,7,Composting,2247.0,8,Kanpur Landfill,22690,2023,13.0189,89.182
Kanpur,Hazardous,6429,52,18697,10,Incineration,1129.0,9,Kanpur Landfill,22690,2023,13.0189,89.182
Nagpur,Plastic,3771,51,19087,10,Landfill,3717.0,5,Nagpur Landfill,49830,2019,35.7049,71.8706
Nagpur,Organic,3596,78,19087,6,Incineration,2010.0,6,Nagpur Landfill,49830,2019,35.7049,71.8706
Nagpur,E-Waste,3689,63,19087,9,Recycling,4676.0,19,Nagpur Landfill,49830,2019,35.7049,71.8706
Nagpur,Construction,6771,63,19087,8,Composting,3379.0,13,Nagpur Landfill,49830,2019,35.7049,71.8706
Nagpur,Hazardous,8145,57,19087,6,Recycling,4243.0,12,Nagpur Landfill,49830,2019,35.7049,71.8706
Nagpur,Plastic,6612,31,19087,5,Recycling,1468.0,17,Nagpur Landfill,49830,2020,35.7049,71.8706
Nagpur,Organic,1890,52,19087,5,Incineration,4587.0,1,Nagpur Landfill,49830,2020,35.7049,71.8706
Nagpur,E-Waste,2774,57,19087,8,Composting,1765.0,9,Nagpur Landfill,49830,2020,35.7049,71.8706
Nagpur,Construction,2848,37,19087,5,Composting,3397.0,9,Nagpur Landfill,49830,2020,35.7049,71.8706
Nagpur,Hazardous,9161,52,19087,10,Composting,4277.0,0,Nagpur Landfill,49830,2020,35.7049,71.8706
Nagpur,Plastic,2872,47,19087,5,Incineration,1084.0,16,Nagpur Landfill,49830,2021,35.7049,71.8706
Nagpur,Organic,1799,32,19087,8,Recycling,994.0,19,Nagpur Landfill,49830,2021,35.7049,71.8706
Nagpur,E-Waste,1683,52,19087,8,Recycling,928.0,3,Nagpur Landfill,49830,2021,35.7049,71.8706
Nagpur,Construction,1312,65,19087,8,Incineration,4213.0,6,Nagpur Landfill,49830,2021,35.7049,71.8706
Nagpur,Hazardous,8479,57,19087,5,Incineration,3518.0,13,Nagpur Landfill,49830,2021,35.7049,71.8706
Nagpur,Plastic,4929,39,19087,8,Composting,4371.0,14,Nagpur Landfill,49830,2022,35.7049,71.8706
Nagpur,Organic,8001,78,19087,7,Landfill,1652.0,11,Nagpur Landfill,49830,2022,35.7049,71.8706
Nagpur,E-Waste,4941,42,19087,7,Recycling,1341.0,13,Nagpur Landfill,49830,2022,35.7049,71.8706
Nagpur,Construction,7157,54,19087,9,Landfill,3776.0,16,Nagpur Landfill,49830,2022,35.7049,71.8706
Nagpur,Hazardous,4487,70,19087,8,Landfill,753.0,6,Nagpur Landfill,49830,2022,35.7049,71.8706
Nagpur,Plastic,8211,56,19087,10,Incineration,3459.0,1,Nagpur Landfill,49830,2023,35.7049,71.8706
Nagpur,Organic,3087,44,19087,8,Composting,1673.0,11,Nagpur Landfill,49830,2023,35.7049,71.8706
Nagpur,E-Waste,2446,34,19087,7,Landfill,3797.0,19,Nagpur Landfill,49830,2023,35.7049,71.8706
Nagpur,Construction,7276,84,19087,6,Composting,4414.0,3,Nagpur Landfill,49830,2023,35.7049,71.8706
Nagpur,Hazardous,2698,60,19087,6,Composting,4250.0,13,Nagpur Landfill,49830,2023,35.7049,71.8706
Patna,Plastic,4649,46,16101,7,Landfill,4941.0,5,Patna Landfill,67316,2019,18.5496,94.8411
Patna,Organic,8814,55,16101,7,Incineration,1093.0,12,Patna Landfill,67316,2019,18.5496,94.8411
Patna,E-Waste,9674,61,16101,9,Composting,4410.0,6,Patna Landfill,67316,2019,18.5496,94.8411
Patna,Construction,2770,38,16101,7,Composting,4725.0,1,Patna Landfill,67316,2019,18.5496,94.8411
Patna,Hazardous,8112,75,16101,8,Landfill,4847.0,14,Patna Landfill,67316,2019,18.5496,94.8411
Patna,Plastic,2480,54,16101,6,Composting,2899.0,1,Patna Landfill,67316,2020,18.5496,94.8411
Patna,Organic,9551,53,16101,10,Recycling,613.0,2,Patna Landfill,67316,2020,18.5496,94.8411
Patna,E-Waste,8893,30,16101,9,Composting,2435.0,5,Patna Landfill,67316,2020,18.5496,94.8411
Patna,Construction,2294,60,16101,7,Composting,1318.0,12,Patna Landfill,67316,2020,18.5496,94.8411
Patna,Hazardous,5732,35,16101,10,Landfill,3828.0,5,Patna Landfill,67316,2020,18.5496,94.8411
Patna,Plastic,7850,30,16101,9,Recycling,2453.0,0,Patna Landfill,67316,2021,18.5496,94.8411
Patna,Organic,8634,78,16101,6,Incineration,2042.0,15,Patna Landfill,67316,2021,18.5496,94.8411
Patna,E-Waste,2971,34,16101,10,Recycling,3891.0,11,Patna Landfill,67316,2021,18.5496,94.8411
Patna,Construction,3937,60,16101,10,Recycling,2798.0,17,Patna Landfill,67316,2021,18.5496,94.8411
Patna,Hazardous,2450,81,16101,6,Composting,2554.0,9,Patna Landfill,67316,2021,18.5496,94.8411
Patna,Plastic,5289,80,16101,6,Composting,4814.0,2,Patna Landfill,67316,2022,18.5496,94.8411
Patna,Organic,2838,64,16101,8,Recycling,2341.0,9,Patna Landfill,67316,2022,18.5496,94.8411
Patna,E-Waste,4581,38,16101,10,Recycling,874.0,14,Patna Landfill,67316,2022,18.5496,94.8411
Patna,Construction,8770,85,16101,5,Landfill,4856.0,16,Patna Landfill,67316,2022,18.5496,94.8411
Patna,Hazardous,9560,50,16101,9,Incineration,3551.0,12,Patna Landfill,67316,2022,18.5496,94.8411
Patna,Plastic,9786,79,16101,8,Landfill,4591.0,12,Patna Landfill,67316,2023,18.5496,94.8411
Patna,Organic,1934,32,16101,6,Recycling,3517.0,20,Patna Landfill,67316,2023,18.5496,94.8411
Patna,E-Waste,7176,61,16101,6,Incineration,4670.0,16,Patna Landfill,67316,2023,18.5496,94.8411
Patna,Construction,3657,41,16101,6,Landfill,2447.0,15,Patna Landfill,67316,2023,18.5496,94.8411
Patna,Hazardous,666,58,16101,6,Composting,2751.0,9,Patna Landfill,67316,2023,18.5496,94.8411
Bhopal,Plastic,4466,83,4071,8,Recycling,3118.0,17,Bhopal Landfill,83130,2019,18.3203,75.8314
Bhopal,Organic,6799,51,4071,5,Composting,1735.0,7,Bhopal Landfill,83130,2019,18.3203,75.8314
Bhopal,E-Waste,7350,36,4071,9,Incineration,3424.0,5,Bhopal Landfill,83130,2019,18.3203,75.8314
Bhopal,Construction,9384,71,4071,5,Landfill,1922.0,18,Bhopal Landfill,83130,2019,18.3203,75.8314
Bhopal,Hazardous,8117,44,4071,6,Composting,1207.0,14,Bhopal Landfill,83130,2019,18.3203,75.8314
Bhopal,Plastic,7146,63,4071,10,Composting,2539.0,16,Bhopal Landfill,83130,2020,18.3203,75.8314
Bhopal,Organic,2797,74,4071,10,Landfill,2013.0,19,Bhopal Landfill,83130,2020,18.3203,75.8314
Bhopal,E-Waste,9730,59,4071,8,Recycling,3752.0,10,Bhopal Landfill,83130,2020,18.3203,75.8314
Bhopal,Construction,2396,42,4071,10,Composting,4938.0,13,Bhopal Landfill,83130,2020,18.3203,75.8314
Bhopal,Hazardous,8644,36,4071,8,Recycling,4560.0,11,Bhopal Landfill,83130,2020,18.3203,75.8314
Bhopal,Plastic,3735,47,4071,10,Landfill,4938.0,14,Bhopal Landfill,83130,2021,18.3203,75.8314
Bhopal,Organic,1025,48,4071,10,Composting,503.0,17,Bhopal Landfill,83130,2021,18.3203,75.8314
Bhopal,E-Waste,2177,52,4071,7,Composting,3857.0,10,Bhopal Landfill,83130,2021,18.3203,75.8314
Bhopal,Construction,9006,30,4071,9,Recycling,4386.0,9,Bhopal Landfill,83130,2021,18.3203,75.8314
Bhopal,Hazardous,9834,44,4071,6,Recycling,4541.0,6,Bhopal Landfill,83130,2021,18.3203,75.8314
Bhopal,Plastic,2220,67,4071,9,Landfill,1402.0,8,Bhopal Landfill,83130,2022,18.3203,75.8314
Bhopal,Organic,1942,42,4071,9,Landfill,3010.0,17,Bhopal Landfill,83130,2022,18.3203,75.8314
Bhopal,E-Waste,9089,53,4071,7,Landfill,3699.0,12,Bhopal Landfill,83130,2022,18.3203,75.8314
Bhopal,Construction,7209,52,4071,5,Recycling,3052.0,2,Bhopal Landfill,83130,2022,18.3203,75.8314
Bhopal,Hazardous,4153,74,4071,7,Incineration,4045.0,0,Bhopal Landfill,83130,2022,18.3203,75.8314
Bhopal,Plastic,9364,83,4071,10,Landfill,892.0,11,Bhopal Landfill,83130,2023,18.3203,75.8314
Bhopal,Organic,1667,72,4071,10,Landfill,1400.0,10,Bhopal Landfill,83130,2023,18.3203,75.8314
Bhopal,E-Waste,4863,45,4071,9,Incineration,3429.0,14,Bhopal Landfill,83130,2023,18.3203,75.8314
Bhopal,Construction,6131,50,4071,8,Composting,714.0,17,Bhopal Landfill,83130,2023,18.3203,75.8314
Bhopal,Hazardous,7203,43,4071,9,Recycling,3001.0,19,Bhopal Landfill,83130,2023,18.3203,75.8314
Thiruvananthapuram,Plastic,4709,49,18418,8,Landfill,3236.0,3,Thiruvananthapuram Landfill,30373,2019,17.2935,83.4447
Thiruvananthapuram,Organic,8515,64,18418,7,Incineration,4289.0,5,Thiruvananthapuram Landfill,30373,2019,17.2935,83.4447
Thiruvananthapuram,E-Waste,8079,39,18418,6,Recycling,1230.0,7,Thiruvananthapuram Landfill,30373,2019,17.2935,83.4447
Thiruvananthapuram,Construction,9230,73,18418,8,Recycling,957.0,4,Thiruvananthapuram Landfill,30373,2019,17.2935,83.4447
Thiruvananthapuram,Hazardous,8655,61,18418,7,Landfill,1124.0,0,Thiruvananthapuram Landfill,30373,2019,17.2935,83.4447
Thiruvananthapuram,Plastic,4070,83,18418,7,Landfill,4747.0,1,Thiruvananthapuram Landfill,30373,2020,17.2935,83.4447
Thiruvananthapuram,Organic,4982,44,18418,10,Recycling,3279.0,6,Thiruvananthapuram Landfill,30373,2020,17.2935,83.4447
Thiruvananthapuram,E-Waste,2323,84,18418,8,Recycling,907.0,12,Thiruvananthapuram Landfill,30373,2020,17.2935,83.4447
Thiruvananthapuram,Construction,917,35,18418,7,Incineration,1559.0,14,Thiruvananthapuram Landfill,30373,2020,17.2935,83.4447
Thiruvananthapuram,Hazardous,8160,78,18418,5,Landfill,4193.0,16,Thiruvananthapuram Landfill,30373,2020,17.2935,83.4447
Thiruvananthapuram,Plastic,7306,67,18418,5,Landfill,1198.0,3,Thiruvananthapuram Landfill,30373,2021,17.2935,83.4447
Thiruvananthapuram,Organic,3645,54,18418,10,Incineration,2113.0,18,Thiruvananthapuram Landfill,30373,2021,17.2935,83.4447
Thiruvananthapuram,E-Waste,8521,58,18418,5,Composting,2668.0,14,Thiruvananthapuram Landfill,30373,2021,17.2935,83.4447
Thiruvananthapuram,Construction,4348,74,18418,10,Incineration,516.0,20,Thiruvananthapuram Landfill,30373,2021,17.2935,83.4447
Thiruvananthapuram,Hazardous,8086,37,18418,9,Composting,4283.0,0,Thiruvananthapuram Landfill,30373,2021,17.2935,83.4447
Thiruvananthapuram,Plastic,3990,65,18418,10,Recycling,4017.0,7,Thiruvananthapuram Landfill,30373,2022,17.2935,83.4447
Thiruvananthapuram,Organic,3262,70,18418,6,Incineration,2759.0,14,Thiruvananthapuram Landfill,30373,2022,17.2935,83.4447
Thiruvananthapuram,E-Waste,4682,46,18418,9,Incineration,4895.0,1,Thiruvananthapuram Landfill,30373,2022,17.2935,83.4447
Thiruvananthapuram,Construction,5653,48,18418,9,Landfill,2017.0,7,Thiruvananthapuram Landfill,30373,2022,17.2935,83.4447
Thiruvananthapuram,Hazardous,3598,84,18418,10,Landfill,2156.0,15,Thiruvananthapuram Landfill,30373,2022,17.2935,83.4447
Thiruvananthapuram,Plastic,3165,46,18418,9,Recycling,4394.0,2,Thiruvananthapuram Landfill,30373,2023,17.2935,83.4447
Thiruvananthapuram,Organic,8796,81,18418,9,Incineration,2365.0,1,Thiruvananthapuram Landfill,30373,2023,17.2935,83.4447
Thiruvananthapuram,E-Waste,1484,57,18418,9,Recycling,1031.0,9,Thiruvananthapuram Landfill,30373,2023,17.2935,83.4447
Thiruvananthapuram,Construction,5645,48,18418,7,Landfill,3612.0,17,Thiruvananthapuram Landfill,30373,2023,17.2935,83.4447
Thiruvananthapuram,Hazardous,684,34,18418,10,Composting,4166.0,20,Thiruvananthapuram Landfill,30373,2023,17.2935,83.4447
Indore,Plastic,8144,67,2929,9,Composting,3555.0,5,Indore Landfill,61142,2019,24.6237,95.1044
Indore,Organic,9725,81,2929,7,Composting,3629.0,19,Indore Landfill,61142,2019,24.6237,95.1044
Indore,E-Waste,5037,38,2929,10,Recycling,553.0,2,Indore Landfill,61142,2019,24.6237,95.1044
Indore,Construction,9377,54,2929,10,Composting,886.0,1,Indore Landfill,61142,2019,24.6237,95.1044
Indore,Hazardous,5566,78,2929,5,Composting,1566.0,13,Indore Landfill,61142,2019,24.6237,95.1044
Indore,Plastic,9082,78,2929,9,Incineration,4800.0,16,Indore Landfill,61142,2020,24.6237,95.1044
Indore,Organic,6803,69,2929,7,Landfill,1646.0,8,Indore Landfill,61142,2020,24.6237,95.1044
Indore,E-Waste,9293,76,2929,7,Landfill,3839.0,10,Indore Landfill,61142,2020,24.6237,95.1044
Indore,Construction,4596,77,2929,6,Composting,2361.0,8,Indore Landfill,61142,2020,24.6237,95.1044
Indore,Hazardous,1504,78,2929,5,Incineration,1458.0,2,Indore Landfill,61142,2020,24.6237,95.1044
Indore,Plastic,5086,81,2929,10,Composting,3219.0,0,Indore Landfill,61142,2021,24.6237,95.1044
Indore,Organic,725,79,2929,9,Composting,4952.0,12,Indore Landfill,61142,2021,24.6237,95.1044
Indore,E-Waste,6111,66,2929,10,Incineration,2516.0,0,Indore Landfill,61142,2021,24.6237,95.1044
Indore,Construction,4593,55,2929,8,Landfill,3925.0,0,Indore Landfill,61142,2021,24.6237,95.1044
Indore,Hazardous,783,58,2929,9,Recycling,3261.0,1,Indore Landfill,61142,2021,24.6237,95.1044
Indore,Plastic,6251,77,2929,6,Composting,2147.0,6,Indore Landfill,61142,2022,24.6237,95.1044
Indore,Organic,2950,44,2929,8,Composting,1006.0,1,Indore Landfill,61142,2022,24.6237,95.1044
Indore,E-Waste,8734,30,2929,10,Incineration,3781.0,4,Indore Landfill,61142,2022,24.6237,95.1044
Indore,Construction,8915,80,2929,8,Recycling,624.0,4,Indore Landfill,61142,2022,24.6237,95.1044
Indore,Hazardous,5025,36,2929,5,Landfill,3164.0,12,Indore Landfill,61142,2022,24.6237,95.1044
Indore,Plastic,4551,56,2929,7,Incineration,2510.0,0,Indore Landfill,61142,2023,24.6237,95.1044
Indore,Organic,9201,70,2929,9,Recycling,2492.0,6,Indore Landfill,61142,2023,24.6237,95.1044
Indore,E-Waste,4466,74,2929,7,Landfill,4170.0,5,Indore Landfill,61142,2023,24.6237,95.1044
Indore,Construction,814,35,2929,6,Composting,2996.0,18,Indore Landfill,61142,2023,24.6237,95.1044
Indore,Hazardous,7020,79,2929,6,Composting,3768.0,18,Indore Landfill,61142,2023,24.6237,95.1044
Vadodara,Plastic,5125,37,21598,8,Landfill,3475.0,6,Vadodara Landfill,24927,2019,31.3853,71.6585
Vadodara,Organic,8038,72,21598,7,Recycling,1843.0,19,Vadodara Landfill,24927,2019,31.3853,71.6585
Vadodara,E-Waste,7388,32,21598,7,Recycling,4606.0,20,Vadodara Landfill,24927,2019,31.3853,71.6585
Vadodara,Construction,6364,77,21598,6,Incineration,2720.0,3,Vadodara Landfill,24927,2019,31.3853,71.6585
Vadodara,Hazardous,5593,33,21598,6,Landfill,1520.0,5,Vadodara Landfill,24927,2019,31.3853,71.6585
Vadodara,Plastic,1128,30,21598,7,Incineration,2941.0,0,Vadodara Landfill,24927,2020,31.3853,71.6585
Vadodara,Organic,2600,50,21598,5,Incineration,609.0,8,Vadodara Landfill,24927,2020,31.3853,71.6585
Vadodara,E-Waste,6120,47,21598,8,Landfill,1084.0,19,Vadodara Landfill,24927,2020,31.3853,71.6585
Vadodara,Construction,8236,53,21598,5,Recycling,4879.0,15,Vadodara Landfill,24927,2020,31.3853,71.6585
Vadodara,Hazardous,4637,73,21598,8,Recycling,2427.0,5,Vadodara Landfill,24927,2020,31.3853,71.6585
Vadodara,Plastic,7724,36,21598,8,Composting,509.0,11,Vadodara Landfill,24927,2021,31.3853,71.6585
Vadodara,Organic,9247,48,21598,8,Incineration,683.0,0,Vadodara Landfill,24927,2021,31.3853,71.6585
Vadodara,E-Waste,6645,81,21598,7,Composting,2420.0,17,Vadodara Landfill,24927,2021,31.3853,71.6585
Vadodara,Construction,8397,75,21598,6,Incineration,2919.0,16,Vadodara Landfill,24927,2021,31.3853,71.6585
Vadodara,Hazardous,2986,33,21598,5,Composting,755.0,17,Vadodara Landfill,24927,2021,31.3853,71.6585
Vadodara,Plastic,7390,46,21598,5,Incineration,3675.0,9,Vadodara Landfill,24927,2022,31.3853,71.6585
Vadodara,Organic,3591,71,21598,5,Recycling,3317.0,12,Vadodara Landfill,24927,2022,31.3853,71.6585
Vadodara,E-Waste,4487,46,21598,7,Composting,989.0,7,Vadodara Landfill,24927,2022,31.3853,71.6585
Vadodara,Construction,5732,79,21598,6,Incineration,4010.0,6,Vadodara Landfill,24927,2022,31.3853,71.6585
Vadodara,Hazardous,2037,35,21598,8,Composting,3000.0,0,Vadodara Landfill,24927,2022,31.3853,71.6585
Vadodara,Plastic,1325,60,21598,6,Recycling,3482.0,20,Vadodara Landfill,24927,2023,31.3853,71.6585
Vadodara,Organic,2028,85,21598,5,Landfill,2092.0,8,Vadodara Landfill,24927,2023,31.3853,71.6585
Vadodara,E-Waste,9199,35,21598,10,Composting,4382.0,18,Vadodara Landfill,24927,2023,31.3853,71.6585
Vadodara,Construction,5872,38,21598,8,Incineration,2663.0,0,Vadodara Landfill,24927,2023,31.3853,71.6585
Vadodara,Hazardous,6592,45,21598,5,Incineration,4874.0,20,Vadodara Landfill,24927,2023,31.3853,71.6585
Guwahati,Plastic,2374,37,22866,5,Recycling,1243.0,13,Guwahati Landfill,60935,2019,19.7894,85.8429
Guwahati,Organic,8355,47,22866,10,Landfill,4050.0,6,Guwahati Landfill,60935,2019,19.7894,85.8429
Guwahati,E-Waste,9369,37,22866,9,Landfill,1382.0,12,Guwahati Landfill,60935,2019,19.7894,85.8429
Guwahati,Construction,8457,79,22866,6,Incineration,1687.0,7,Guwahati Landfill,60935,2019,19.7894,85.8429
Guwahati,Hazardous,4891,56,22866,5,Recycling,3499.0,11,Guwahati Landfill,60935,2019,19.7894,85.8429
Guwahati,Plastic,822,80,22866,6,Landfill,4966.0,13,Guwahati Landfill,60935,2020,19.7894,85.8429
Guwahati,Organic,4079,73,22866,8,Incineration,2246.0,18,Guwahati Landfill,60935,2020,19.7894,85.8429
Guwahati,E-Waste,4047,58,22866,6,Recycling,4462.0,3,Guwahati Landfill,60935,2020,19.7894,85.8429
Guwahati,Construction,3438,63,22866,8,Incineration,1247.0,1,Guwahati Landfill,60935,2020,19.7894,85.8429
Guwahati,Hazardous,3115,46,22866,6,Composting,4252.0,17,Guwahati Landfill,60935,2020,19.7894,85.8429
Guwahati,Plastic,1484,78,22866,6,Composting,4003.0,3,Guwahati Landfill,60935,2021,19.7894,85.8429
Guwahati,Organic,4543,79,22866,7,Recycling,3813.0,13,Guwahati Landfill,60935,2021,19.7894,85.8429
Guwahati,E-Waste,7401,82,22866,9,Incineration,4307.0,3,Guwahati Landfill,60935,2021,19.7894,85.8429
Guwahati,Construction,9218,84,22866,9,Composting,1433.0,7,Guwahati Landfill,60935,2021,19.7894,85.8429
Guwahati,Hazardous,7562,74,22866,6,Incineration,3410.0,18,Guwahati Landfill,60935,2021,19.7894,85.8429
Guwahati,Plastic,6340,47,22866,9,Incineration,2172.0,3,Guwahati Landfill,60935,2022,19.7894,85.8429
Guwahati,Organic,1976,39,22866,5,Composting,930.0,8,Guwahati Landfill,60935,2022,19.7894,85.8429
Guwahati,E-Waste,9002,39,22866,8,Recycling,2298.0,17,Guwahati Landfill,60935,2022,19.7894,85.8429
Guwahati,Construction,9229,69,22866,8,Landfill,728.0,0,Guwahati Landfill,60935,2022,19.7894,85.8429
Guwahati,Hazardous,3522,70,22866,9,Composting,1428.0,16,Guwahati Landfill,60935,2022,19.7894,85.8429
Guwahati,Plastic,5833,70,22866,5,Incineration,1084.0,18,Guwahati Landfill,60935,2023,19.7894,85.8429
Guwahati,Organic,7866,47,22866,7,Incineration,2757.0,18,Guwahati Landfill,60935,2023,19.7894,85.8429
Guwahati,E-Waste,4726,55,22866,7,Recycling,702.0,1,Guwahati Landfill,60935,2023,19.7894,85.8429
Guwahati,Construction,1243,47,22866,10,Composting,3422.0,10,Guwahati Landfill,60935,2023,19.7894,85.8429
Guwahati,Hazardous,9261,66,22866,6,Landfill,2036.0,1,Guwahati Landfill,60935,2023,19.7894,85.8429
Coimbatore,Plastic,8029,41,12073,8,Recycling,1562.0,13,Coimbatore Landfill,98572,2019,31.9729,76.5516
Coimbatore,Organic,3277,45,12073,8,Incineration,4870.0,15,Coimbatore Landfill,98572,2019,31.9729,76.5516
Coimbatore,E-Waste,9389,45,12073,8,Incineration,1177.0,14,Coimbatore Landfill,98572,2019,31.9729,76.5516
Coimbatore,Construction,1031,36,12073,8,Composting,4921.0,17,Coimbatore Landfill,98572,2019,31.9729,76.5516
Coimbatore,Hazardous,5816,67,12073,5,Recycling,4556.0,15,Coimbatore Landfill,98572,2019,31.9729,76.5516
Coimbatore,Plastic,6548,55,12073,7,Landfill,4731.0,15,Coimbatore Landfill,98572,2020,31.9729,76.5516
Coimbatore,Organic,5804,68,12073,5,Incineration,4100.0,8,Coimbatore Landfill,98572,2020,31.9729,76.5516
Coimbatore,E-Waste,7649,53,12073,10,Landfill,2381.0,4,Coimbatore Landfill,98572,2020,31.9729,76.5516
Coimbatore,Construction,953,66,12073,8,Landfill,2355.0,1,Coimbatore Landfill,98572,2020,31.9729,76.5516
Coimbatore,Hazardous,747,59,12073,7,Recycling,4295.0,4,Coimbatore Landfill,98572,2020,31.9729,76.5516
Coimbatore,Plastic,6863,75,12073,7,Landfill,2635.0,13,Coimbatore Landfill,98572,2021,31.9729,76.5516
Coimbatore,Organic,8447,42,12073,5,Composting,2764.0,17,Coimbatore Landfill,98572,2021,31.9729,76.5516
Coimbatore,E-Waste,4259,81,12073,7,Composting,4070.0,11,Coimbatore Landfill,98572,2021,31.9729,76.5516
Coimbatore,Construction,8174,57,12073,9,Recycling,862.0,9,Coimbatore Landfill,98572,2021,31.9729,76.5516
Coimbatore,Hazardous,4274,60,12073,6,Incineration,1901.0,10,Coimbatore Landfill,98572,2021,31.9729,76.5516
Coimbatore,Plastic,3522,75,12073,10,Landfill,925.0,11,Coimbatore Landfill,98572,2022,31.9729,76.5516
Coimbatore,Organic,5021,78,12073,9,Composting,2258.0,19,Coimbatore Landfill,98572,2022,31.9729,76.5516
Coimbatore,E-Waste,6743,52,12073,6,Landfill,4958.0,10,Coimbatore Landfill,98572,2022,31.9729,76.5516
Coimbatore,Construction,2139,54,12073,6,Recycling,3884.0,6,Coimbatore Landfill,98572,2022,31.9729,76.5516
Coimbatore,Hazardous,580,31,12073,8,Landfill,1968.0,5,Coimbatore Landfill,98572,2022,31.9729,76.5516
Coimbatore,Plastic,963,38,12073,8,Recycling,2999.0,0,Coimbatore Landfill,98572,2023,31.9729,76.5516
Coimbatore,Organic,8565,52,12073,7,Landfill,3047.0,20,Coimbatore Landfill,98572,2023,31.9729,76.5516
Coimbatore,E-Waste,8883,43,12073,7,Landfill,3454.0,20,Coimbatore Landfill,98572,2023,31.9729,76.5516
Coimbatore,Construction,9121,40,12073,9,Landfill,4566.0,11,Coimbatore Landfill,98572,2023,31.9729,76.5516
Coimbatore,Hazardous,6047,82,12073,9,Incineration,3133.0,20,Coimbatore Landfill,98572,2023,31.9729,76.5516
Ranchi,Plastic,9222,76,17422,8,Recycling,4212.0,14,Ranchi Landfill,98646,2019,13.4978,84.8338
Ranchi,Organic,2865,82,17422,9,Landfill,3272.0,14,Ranchi Landfill,98646,2019,13.4978,84.8338
Ranchi,E-Waste,7540,60,17422,5,Incineration,1776.0,2,Ranchi Landfill,98646,2019,13.4978,84.8338
Ranchi,Construction,8974,41,17422,8,Recycling,4536.0,15,Ranchi Landfill,98646,2019,13.4978,84.8338
Ranchi,Hazardous,6183,43,17422,5,Recycling,1377.0,12,Ranchi Landfill,98646,2019,13.4978,84.8338
Ranchi,Plastic,1270,34,17422,7,Landfill,1071.0,11,Ranchi Landfill,98646,2020,13.4978,84.8338
Ranchi,Organic,6090,44,17422,7,Landfill,2447.0,0,Ranchi Landfill,98646,2020,13.4978,84.8338
Ranchi,E-Waste,9848,79,17422,10,Landfill,675.0,11,Ranchi Landfill,98646,2020,13.4978,84.8338
Ranchi,Construction,3883,38,17422,7,Recycling,2577.0,5,Ranchi Landfill,98646,2020,13.4978,84.8338
Ranchi,Hazardous,7762,68,17422,6,Incineration,1158.0,0,Ranchi Landfill,98646,2020,13.4978,84.8338
Ranchi,Plastic,9164,69,17422,5,Composting,4385.0,14,Ranchi Landfill,98646,2021,13.4978,84.8338
Ranchi,Organic,4838,61,17422,8,Composting,2006.0,10,Ranchi Landfill,98646,2021,13.4978,84.8338
Ranchi,E-Waste,9929,85,17422,9,Recycling,1475.0,14,Ranchi Landfill,98646,2021,13.4978,84.8338
Ranchi,Construction,4213,65,17422,7,Recycling,794.0,15,Ranchi Landfill,98646,2021,13.4978,84.8338
Ranchi,Hazardous,4130,65,17422,8,Incineration,3340.0,17,Ranchi Landfill,98646,2021,13.4978,84.8338
Ranchi,Plastic,9721,30,17422,8,Composting,1126.0,7,Ranchi Landfill,98646,2022,13.4978,84.8338
Ranchi,Organic,8205,40,17422,7,Recycling,1464.0,19,Ranchi Landfill,98646,2022,13.4978,84.8338
Ranchi,E-Waste,5473,73,17422,7,Recycling,3439.0,0,Ranchi Landfill,98646,2022,13.4978,84.8338
Ranchi,Construction,9588,36,17422,8,Landfill,4717.0,10,Ranchi Landfill,98646,2022,13.4978,84.8338
Ranchi,Hazardous,1182,82,17422,9,Incineration,1502.0,1,Ranchi Landfill,98646,2022,13.4978,84.8338
Ranchi,Plastic,4020,57,17422,7,Recycling,2248.0,13,Ranchi Landfill,98646,2023,13.4978,84.8338
Ranchi,Organic,7916,53,17422,6,Recycling,2047.0,11,Ranchi Landfill,98646,2023,13.4978,84.8338
Ranchi,E-Waste,1670,77,17422,5,Recycling,2924.0,3,Ranchi Landfill,98646,2023,13.4978,84.8338
Ranchi,Construction,2654,53,17422,8,Landfill,2074.0,16,Ranchi Landfill,98646,2023,13.4978,84.8338
Ranchi,Hazardous,6090,44,17422,9,Composting,1406.0,20,Ranchi Landfill,98646,2023,13.4978,84.8338
Amritsar,Plastic,6035,64,12612,9,Incineration,4276.0,11,Amritsar Landfill,31477,2019,22.6059,88.4682
Amritsar,Organic,1371,68,12612,5,Recycling,3410.0,19,Amritsar Landfill,31477,2019,22.6059,88.4682
Amritsar,E-Waste,2239,71,12612,10,Landfill,1403.0,0,Amritsar Landfill,31477,2019,22.6059,88.4682
Amritsar,Construction,9144,39,12612,8,Landfill,4250.0,13,Amritsar Landfill,31477,2019,22.6059,88.4682
Amritsar,Hazardous,4718,42,12612,9,Recycling,3452.0,20,Amritsar Landfill,31477,2019,22.6059,88.4682
Amritsar,Plastic,3121,38,12612,5,Composting,3385.0,4,Amritsar Landfill,31477,2020,22.6059,88.4682
Amritsar,Organic,6093,75,12612,5,Incineration,934.0,11,Amritsar Landfill,31477,2020,22.6059,88.4682
Amritsar,E-Waste,2840,63,12612,5,Composting,3675.0,6,Amritsar Landfill,31477,2020,22.6059,88.4682
Amritsar,Construction,1796,34,12612,6,Composting,2113.0,15,Amritsar Landfill,31477,2020,22.6059,88.4682
Amritsar,Hazardous,2868,39,12612,9,Landfill,4327.0,12,Amritsar Landfill,31477,2020,22.6059,88.4682
Amritsar,Plastic,7820,41,12612,10,Incineration,2138.0,5,Amritsar Landfill,31477,2021,22.6059,88.4682
Amritsar,Organic,9954,47,12612,5,Incineration,2864.0,8,Amritsar Landfill,31477,2021,22.6059,88.4682
Amritsar,E-Waste,7007,62,12612,10,Landfill,1571.0,18,Amritsar Landfill,31477,2021,22.6059,88.4682
Amritsar,Construction,6718,69,12612,5,Recycling,635.0,1,Amritsar Landfill,31477,2021,22.6059,88.4682
Amritsar,Hazardous,3672,33,12612,9,Composting,3888.0,4,Amritsar Landfill,31477,2021,22.6059,88.4682
Amritsar,Plastic,7276,76,12612,9,Incineration,1041.0,4,Amritsar Landfill,31477,2022,22.6059,88.4682
Amritsar,Organic,7339,39,12612,5,Recycling,1129.0,18,Amritsar Landfill,31477,2022,22.6059,88.4682
Amritsar,E-Waste,3827,77,12612,9,Composting,1254.0,5,Amritsar Landfill,31477,2022,22.6059,88.4682
Amritsar,Construction,9444,77,12612,5,Incineration,1916.0,5,Amritsar Landfill,31477,2022,22.6059,88.4682
Amritsar,Hazardous,5082,55,12612,7,Recycling,2865.0,3,Amritsar Landfill,31477,2022,22.6059,88.4682
Amritsar,Plastic,9094,46,12612,9,Incineration,4893.0,19,Amritsar Landfill,31477,2023,22.6059,88.4682
Amritsar,Organic,4936,57,12612,5,Composting,550.0,2,Amritsar Landfill,31477,2023,22.6059,88.4682
Amritsar,E-Waste,1725,54,12612,8,Landfill,4152.0,3,Amritsar Landfill,31477,2023,22.6059,88.4682
Amritsar,Construction,8689,37,12612,6,Recycling,1965.0,17,Amritsar Landfill,31477,2023,22.6059,88.4682
Amritsar,Hazardous,2184,36,12612,8,Composting,1069.0,14,Amritsar Landfill,31477,2023,22.6059,88.4682
Jodhpur,Plastic,4585,76,6465,6,Recycling,3294.0,10,Jodhpur Landfill,45318,2019,8.9824,77.0472
Jodhpur,Organic,8728,33,6465,7,Composting,4367.0,8,Jodhpur Landfill,45318,2019,8.9824,77.0472
Jodhpur,E-Waste,1527,57,6465,8,Recycling,2550.0,16,Jodhpur Landfill,45318,2019,8.9824,77.0472
Jodhpur,Construction,7646,43,6465,7,Recycling,2784.0,6,Jodhpur Landfill,45318,2019,8.9824,77.0472
Jodhpur,Hazardous,5064,42,6465,6,Landfill,3973.0,14,Jodhpur Landfill,45318,2019,8.9824,77.0472
Jodhpur,Plastic,8803,59,6465,7,Composting,2822.0,11,Jodhpur Landfill,45318,2020,8.9824,77.0472
Jodhpur,Organic,5168,58,6465,10,Incineration,2637.0,14,Jodhpur Landfill,45318,2020,8.9824,77.0472
Jodhpur,E-Waste,5159,80,6465,6,Landfill,1313.0,2,Jodhpur Landfill,45318,2020,8.9824,77.0472
Jodhpur,Construction,6671,33,6465,5,Landfill,4664.0,0,Jodhpur Landfill,45318,2020,8.9824,77.0472
Jodhpur,Hazardous,4228,37,6465,8,Composting,1756.0,17,Jodhpur Landfill,45318,2020,8.9824,77.0472
Jodhpur,Plastic,2807,34,6465,8,Incineration,4034.0,11,Jodhpur Landfill,45318,2021,8.9824,77.0472
Jodhpur,Organic,9348,64,6465,5,Incineration,4209.0,2,Jodhpur Landfill,45318,2021,8.9824,77.0472
Jodhpur,E-Waste,2294,51,6465,9,Recycling,1560.0,12,Jodhpur Landfill,45318,2021,8.9824,77.0472
Jodhpur,Construction,3487,38,6465,10,Composting,4208.0,8,Jodhpur Landfill,45318,2021,8.9824,77.0472
Jodhpur,Hazardous,5907,68,6465,9,Incineration,4668.0,16,Jodhpur Landfill,45318,2021,8.9824,77.0472
Jodhpur,Plastic,5409,62,6465,10,Recycling,2956.0,14,Jodhpur Landfill,45318,2022,8.9824,77.0472
Jodhpur,Organic,549,59,6465,5,Recycling,1345.0,1,Jodhpur Landfill,45318,2022,8.9824,77.0472
Jodhpur,E-Waste,7810,61,6465,7,Recycling,2751.0,7,Jodhpur Landfill,45318,2022,8.9824,77.0472
Jodhpur,Construction,2243,45,6465,5,Recycling,2903.0,10,Jodhpur Landfill,45318,2022,8.9824,77.0472
Jodhpur,Hazardous,2721,58,6465,9,Incineration,3965.0,17,Jodhpur Landfill,45318,2022,8.9824,77.0472
Jodhpur,Plastic,5660,76,6465,5,Composting,4168.0,4,Jodhpur Landfill,45318,2023,8.9824,77.0472
Jodhpur,Organic,1908,66,6465,9,Recycling,2321.0,6,Jodhpur Landfill,45318,2023,8.9824,77.0472
Jodhpur,E-Waste,2888,51,6465,5,Composting,3432.0,1,Jodhpur Landfill,45318,2023,8.9824,77.0472
Jodhpur,Construction,1852,50,6465,5,Landfill,3720.0,4,Jodhpur Landfill,45318,2023,8.9824,77.0472
Jodhpur,Hazardous,1919,41,6465,7,Incineration,3313.0,3,Jodhpur Landfill,45318,2023,8.9824,77.0472
Varanasi,Plastic,8397,75,7976,8,Landfill,1994.0,0,Varanasi Landfill,79314,2019,35.156,83.0516
Varanasi,Organic,8173,80,7976,10,Composting,4646.0,17,Varanasi Landfill,79314,2019,35.156,83.0516
Varanasi,E-Waste,837,81,7976,5,Recycling,740.0,15,Varanasi Landfill,79314,2019,35.156,83.0516
Varanasi,Construction,5671,55,7976,7,Incineration,550.0,14,Varanasi Landfill,79314,2019,35.156,83.0516
Varanasi,Hazardous,8242,76,7976,6,Landfill,2504.0,4,Varanasi Landfill,79314,2019,35.156,83.0516
Varanasi,Plastic,3849,45,7976,10,Recycling,2749.0,20,Varanasi Landfill,79314,2020,35.156,83.0516
Varanasi,Organic,7387,42,7976,9,Recycling,3131.0,10,Varanasi Landfill,79314,2020,35.156,83.0516
Varanasi,E-Waste,1864,61,7976,6,Incineration,878.0,12,Varanasi Landfill,79314,2020,35.156,83.0516
Varanasi,Construction,1153,52,7976,9,Composting,2917.0,13,Varanasi Landfill,79314,2020,35.156,83.0516
Varanasi,Hazardous,4781,36,7976,10,Composting,3637.0,2,Varanasi Landfill,79314,2020,35.156,83.0516
Varanasi,Plastic,7531,75,7976,5,Recycling,4035.0,5,Varanasi Landfill,79314,2021,35.156,83.0516
Varanasi,Organic,619,75,7976,8,Recycling,2547.0,7,Varanasi Landfill,79314,2021,35.156,83.0516
Varanasi,E-Waste,2201,67,7976,8,Incineration,4068.0,13,Varanasi Landfill,79314,2021,35.156,83.0516
Varanasi,Construction,8601,62,7976,7,Incineration,3571.0,13,Varanasi Landfill,79314,2021,35.156,83.0516
Varanasi,Hazardous,7991,68,7976,6,Composting,2290.0,2,Varanasi Landfill,79314,2021,35.156,83.0516
Varanasi,Plastic,9980,61,7976,6,Incineration,2451.0,16,Varanasi Landfill,79314,2022,35.156,83.0516
Varanasi,Organic,9254,60,7976,7,Composting,2642.0,9,Varanasi Landfill,79314,2022,35.156,83.0516
Varanasi,E-Waste,1352,59,7976,6,Incineration,1699.0,11,Varanasi Landfill,79314,2022,35.156,83.0516
Varanasi,Construction,525,73,7976,10,Composting,1044.0,16,Varanasi Landfill,79314,2022,35.156,83.0516
Varanasi,Hazardous,9283,30,7976,8,Landfill,2811.0,5,Varanasi Landfill,79314,2022,35.156,83.0516
Varanasi,Plastic,3202,67,7976,6,Landfill,934.0,18,Varanasi Landfill,79314,2023,35.156,83.0516
Varanasi,Organic,805,69,7976,9,Landfill,3000.0,18,Varanasi Landfill,79314,2023,35.156,83.0516
Varanasi,E-Waste,862,64,7976,5,Incineration,4718.0,2,Varanasi Landfill,79314,2023,35.156,83.0516
Varanasi,Construction,526,63,7976,6,Landfill,2877.0,9,Varanasi Landfill,79314,2023,35.156,83.0516
Varanasi,Hazardous,6410,52,7976,6,Incineration,1372.0,13,Varanasi Landfill,79314,2023,35.156,83.0516
Ludhiana,Plastic,2972,74,8678,5,Landfill,2681.0,4,Ludhiana Landfill,69241,2019,10.3062,77.427
Ludhiana,Organic,8621,38,8678,9,Landfill,583.0,5,Ludhiana Landfill,69241,2019,10.3062,77.427
Ludhiana,E-Waste,7345,63,8678,9,Recycling,4668.0,11,Ludhiana Landfill,69241,2019,10.3062,77.427
Ludhiana,Construction,1412,62,8678,9,Landfill,3885.0,18,Ludhiana Landfill,69241,2019,10.3062,77.427
Ludhiana,Hazardous,8937,81,8678,10,Landfill,3296.0,7,Ludhiana Landfill,69241,2019,10.3062,77.427
Ludhiana,Plastic,9041,43,8678,6,Composting,4975.0,1,Ludhiana Landfill,69241,2020,10.3062,77.427
Ludhiana,Organic,3139,43,8678,5,Composting,876.0,7,Ludhiana Landfill,69241,2020,10.3062,77.427
Ludhiana,E-Waste,3515,38,8678,10,Recycling,1984.0,15,Ludhiana Landfill,69241,2020,10.3062,77.427
Ludhiana,Construction,5767,31,8678,8,Recycling,2861.0,3,Ludhiana Landfill,69241,2020,10.3062,77.427
Ludhiana,Hazardous,7678,63,8678,9,Recycling,859.0,3,Ludhiana Landfill,69241,2020,10.3062,77.427
Ludhiana,Plastic,6762,72,8678,10,Composting,1588.0,10,Ludhiana Landfill,69241,2021,10.3062,77.427
Ludhiana,Organic,5285,39,8678,10,Incineration,4781.0,13,Ludhiana Landfill,69241,2021,10.3062,77.427
Ludhiana,E-Waste,8336,49,8678,8,Landfill,3267.0,13,Ludhiana Landfill,69241,2021,10.3062,77.427
Ludhiana,Construction,5808,68,8678,5,Incineration,1939.0,19,Ludhiana Landfill,69241,2021,10.3062,77.427
Ludhiana,Hazardous,4330,42,8678,9,Composting,1341.0,10,Ludhiana Landfill,69241,2021,10.3062,77.427
Ludhiana,Plastic,3119,75,8678,10,Incineration,2130.0,6,Ludhiana Landfill,69241,2022,10.3062,77.427
Ludhiana,Organic,6898,53,8678,9,Landfill,4725.0,10,Ludhiana Landfill,69241,2022,10.3062,77.427
Ludhiana,E-Waste,8336,78,8678,9,Landfill,4294.0,14,Ludhiana Landfill,69241,2022,10.3062,77.427
Ludhiana,Construction,6754,85,8678,5,Recycling,4132.0,0,Ludhiana Landfill,69241,2022,10.3062,77.427
Ludhiana,Hazardous,1636,66,8678,9,Recycling,1708.0,4,Ludhiana Landfill,69241,2022,10.3062,77.427
Ludhiana,Plastic,8158,68,8678,9,Composting,2719.0,13,Ludhiana Landfill,69241,2023,10.3062,77.427
Ludhiana,Organic,8781,42,8678,10,Recycling,3510.0,18,Ludhiana Landfill,69241,2023,10.3062,77.427
Ludhiana,E-Waste,528,58,8678,6,Recycling,4978.0,11,Ludhiana Landfill,69241,2023,10.3062,77.427
Ludhiana,Construction,4118,42,8678,9,Composting,4647.0,13,Ludhiana Landfill,69241,2023,10.3062,77.427
Ludhiana,Hazardous,1096,85,8678,7,Recycling,3839.0,8,Ludhiana Landfill,69241,2023,10.3062,77.427
Agra,Plastic,3173,73,4629,6,Landfill,2350.0,2,Agra Landfill,82082,2019,32.4069,92.1176
Agra,Organic,9052,51,4629,5,Incineration,3074.0,8,Agra Landfill,82082,2019,32.4069,92.1176
Agra,E-Waste,8371,48,4629,6,Incineration,3392.0,16,Agra Landfill,82082,2019,32.4069,92.1176
Agra,Construction,8300,38,4629,9,Incineration,2900.0,14,Agra Landfill,82082,2019,32.4069,92.1176
Agra,Hazardous,5567,34,4629,10,Incineration,1466.0,10,Agra Landfill,82082,2019,32.4069,92.1176
Agra,Plastic,3622,65,4629,5,Incineration,794.0,1,Agra Landfill,82082,2020,32.4069,92.1176
Agra,Organic,1942,45,4629,7,Recycling,4606.0,15,Agra Landfill,82082,2020,32.4069,92.1176
Agra,E-Waste,5575,75,4629,7,Landfill,4423.0,19,Agra Landfill,82082,2020,32.4069,92.1176
Agra,Construction,6444,80,4629,9,Composting,2562.0,6,Agra Landfill,82082,2020,32.4069,92.1176
Agra,Hazardous,6628,64,4629,6,Recycling,687.0,5,Agra Landfill,82082,2020,32.4069,92.1176
Agra,Plastic,9624,33,4629,8,Recycling,2599.0,6,Agra Landfill,82082,2021,32.4069,92.1176
Agra,Organic,8838,46,4629,5,Composting,4626.0,12,Agra Landfill,82082,2021,32.4069,92.1176
Agra,E-Waste,5525,56,4629,8,Recycling,3618.0,4,Agra Landfill,82082,2021,32.4069,92.1176
Agra,Construction,3884,79,4629,7,Recycling,2966.0,4,Agra Landfill,82082,2021,32.4069,92.1176
Agra,Hazardous,9466,35,4629,6,Incineration,1261.0,10,Agra Landfill,82082,2021,32.4069,92.1176
Agra,Plastic,5109,81,4629,8,Landfill,4121.0,2,Agra Landfill,82082,2022,32.4069,92.1176
Agra,Organic,692,64,4629,6,Landfill,4055.0,15,Agra Landfill,82082,2022,32.4069,92.1176
Agra,E-Waste,3467,69,4629,5,Recycling,2682.0,18,Agra Landfill,82082,2022,32.4069,92.1176
Agra,Construction,4511,58,4629,8,Incineration,1093.0,12,Agra Landfill,82082,2022,32.4069,92.1176
Agra,Hazardous,1924,58,4629,7,Incineration,2386.0,8,Agra Landfill,82082,2022,32.4069,92.1176
Agra,Plastic,6020,56,4629,5,Incineration,4148.0,0,Agra Landfill,82082,2023,32.4069,92.1176
Agra,Organic,915,35,4629,9,Incineration,1199.0,3,Agra Landfill,82082,2023,32.4069,92.1176
Agra,E-Waste,7460,70,4629,7,Incineration,3020.0,14,Agra Landfill,82082,2023,32.4069,92.1176
Agra,Construction,1500,33,4629,10,Recycling,3125.0,17,Agra Landfill,82082,2023,32.4069,92.1176
Agra,Hazardous,7256,85,4629,8,Landfill,2170.0,3,Agra Landfill,82082,2023,32.4069,92.1176
Meerut,Plastic,9131,49,7178,9,Composting,3049.0,1,Meerut Landfill,56989,2019,14.3552,72.9863
Meerut,Organic,6719,54,7178,9,Recycling,3521.0,5,Meerut Landfill,56989,2019,14.3552,72.9863
Meerut,E-Waste,3618,77,7178,9,Landfill,3695.0,0,Meerut Landfill,56989,2019,14.3552,72.9863
Meerut,Construction,3999,76,7178,10,Landfill,2118.0,3,Meerut Landfill,56989,2019,14.3552,72.9863
Meerut,Hazardous,7972,83,7178,9,Incineration,3749.0,4,Meerut Landfill,56989,2019,14.3552,72.9863
Meerut,Plastic,3668,52,7178,9,Incineration,2987.0,2,Meerut Landfill,56989,2020,14.3552,72.9863
Meerut,Organic,1404,54,7178,10,Recycling,2848.0,10,Meerut Landfill,56989,2020,14.3552,72.9863
Meerut,E-Waste,3264,38,7178,7,Composting,3661.0,10,Meerut Landfill,56989,2020,14.3552,72.9863
Meerut,Construction,9061,38,7178,10,Landfill,2436.0,18,Meerut Landfill,56989,2020,14.3552,72.9863
Meerut,Hazardous,1623,66,7178,10,Landfill,3495.0,6,Meerut Landfill,56989,2020,14.3552,72.9863
Meerut,Plastic,4686,69,7178,7,Composting,3910.0,8,Meerut Landfill,56989,2021,14.3552,72.9863
Meerut,Organic,6212,68,7178,10,Incineration,3901.0,3,Meerut Landfill,56989,2021,14.3552,72.9863
Meerut,E-Waste,936,55,7178,8,Composting,1580.0,2,Meerut Landfill,56989,2021,14.3552,72.9863
Meerut,Construction,4476,36,7178,5,Recycling,3950.0,12,Meerut Landfill,56989,2021,14.3552,72.9863
Meerut,Hazardous,3060,56,7178,9,Landfill,807.0,1,Meerut Landfill,56989,2021,14.3552,72.9863
Meerut,Plastic,7018,77,7178,6,Incineration,1216.0,16,Meerut Landfill,56989,2022,14.3552,72.9863
Meerut,Organic,5497,75,7178,5,Recycling,3723.0,14,Meerut Landfill,56989,2022,14.3552,72.9863
Meerut,E-Waste,1919,82,7178,6,Landfill,3446.0,0,Meerut Landfill,56989,2022,14.3552,72.9863
Meerut,Construction,7834,52,7178,9,Composting,2512.0,20,Meerut Landfill,56989,2022,14.3552,72.9863
Meerut,Hazardous,1168,69,7178,7,Incineration,2332.0,11,Meerut Landfill,56989,2022,14.3552,72.9863
Meerut,Plastic,2925,47,7178,6,Recycling,4347.0,13,Meerut Landfill,56989,2023,14.3552,72.9863
Meerut,Organic,5457,78,7178,10,Recycling,4807.0,12,Meerut Landfill,56989,2023,14.3552,72.9863
Meerut,E-Waste,1978,52,7178,9,Incineration,4091.0,6,Meerut Landfill,56989,2023,14.3552,72.9863
Meerut,Construction,4495,56,7178,9,Incineration,510.0,5,Meerut Landfill,56989,2023,14.3552,72.9863
Meerut,Hazardous,6404,46,7178,8,Landfill,4365.0,20,Meerut Landfill,56989,2023,14.3552,72.9863
Nashik,Plastic,4584,34,2929,10,Recycling,1334.0,16,Nashik Landfill,63245,2019,14.6177,91.4568
Nashik,Organic,9096,36,2929,7,Recycling,2013.0,0,Nashik Landfill,63245,2019,14.6177,91.4568
Nashik,E-Waste,5832,37,2929,8,Incineration,2774.0,8,Nashik Landfill,63245,2019,14.6177,91.4568
Nashik,Construction,5695,71,2929,5,Composting,4042.0,0,Nashik Landfill,63245,2019,14.6177,91.4568
Nashik,Hazardous,8192,67,2929,10,Composting,896.0,1,Nashik Landfill,63245,2019,14.6177,91.4568
Nashik,Plastic,4415,84,2929,10,Recycling,2881.0,20,Nashik Landfill,63245,2020,14.6177,91.4568
Nashik,Organic,1400,69,2929,6,Composting,4894.0,10,Nashik Landfill,63245,2020,14.6177,91.4568
Nashik,E-Waste,4872,30,2929,8,Composting,4052.0,17,Nashik Landfill,63245,2020,14.6177,91.4568
Nashik,Construction,2776,33,2929,10,Incineration,3767.0,17,Nashik Landfill,63245,2020,14.6177,91.4568
Nashik,Hazardous,3134,84,2929,10,Recycling,2582.0,11,Nashik Landfill,63245,2020,14.6177,91.4568
Nashik,Plastic,4744,55,2929,8,Landfill,516.0,0,Nashik Landfill,63245,2021,14.6177,91.4568
Nashik,Organic,9216,69,2929,7,Incineration,4245.0,7,Nashik Landfill,63245,2021,14.6177,91.4568
Nashik,E-Waste,1598,82,2929,9,Recycling,911.0,18,Nashik Landfill,63245,2021,14.6177,91.4568
Nashik,Construction,5393,64,2929,10,Incineration,1361.0,16,Nashik Landfill,63245,2021,14.6177,91.4568
Nashik,Hazardous,9699,73,2929,6,Incineration,1196.0,7,Nashik Landfill,63245,2021,14.6177,91.4568
Nashik,Plastic,7882,32,2929,7,Recycling,4400.0,4,Nashik Landfill,63245,2022,14.6177,91.4568
Nashik,Organic,6136,37,2929,6,Landfill,2258.0,9,Nashik Landfill,63245,2022,14.6177,91.4568
Nashik,E-Waste,6465,84,2929,7,Composting,3257.0,17,Nashik Landfill,63245,2022,14.6177,91.4568
Nashik,Construction,6834,47,2929,8,Recycling,3071.0,11,Nashik Landfill,63245,2022,14.6177,91.4568
Nashik,Hazardous,9685,39,2929,10,Incineration,2012.0,16,Nashik Landfill,63245,2022,14.6177,91.4568
Nashik,Plastic,3659,77,2929,9,Composting,1759.0,17,Nashik Landfill,63245,2023,14.6177,91.4568
Nashik,Organic,9946,72,2929,10,Composting,3566.0,15,Nashik Landfill,63245,2023,14.6177,91.4568
Nashik,E-Waste,3729,45,2929,8,Composting,1187.0,20,Nashik Landfill,63245,2023,14.6177,91.4568
Nashik,Construction,613,40,2929,6,Landfill,2691.0,11,Nashik Landfill,63245,2023,14.6177,91.4568
Nashik,Hazardous,9869,53,2929,10,Landfill,3250.0,11,Nashik Landfill,63245,2023,14.6177,91.4568
Rajkot,Plastic,3388,64,23232,7,Recycling,3849.0,12,Rajkot Landfill,62818,2019,30.6193,68.7432
Rajkot,Organic,4416,40,23232,5,Recycling,1296.0,13,Rajkot Landfill,62818,2019,30.6193,68.7432
Rajkot,E-Waste,5512,65,23232,8,Recycling,2052.0,18,Rajkot Landfill,62818,2019,30.6193,68.7432
Rajkot,Construction,1618,66,23232,6,Incineration,3335.0,14,Rajkot Landfill,62818,2019,30.6193,68.7432
Rajkot,Hazardous,5601,44,23232,10,Composting,549.0,13,Rajkot Landfill,62818,2019,30.6193,68.7432
Rajkot,Plastic,2457,59,23232,8,Recycling,1467.0,16,Rajkot Landfill,62818,2020,30.6193,68.7432
Rajkot,Organic,3427,41,23232,8,Recycling,2693.0,17,Rajkot Landfill,62818,2020,30.6193,68.7432
Rajkot,E-Waste,581,64,23232,10,Recycling,1245.0,12,Rajkot Landfill,62818,2020,30.6193,68.7432
Rajkot,Construction,3412,69,23232,8,Incineration,2332.0,12,Rajkot Landfill,62818,2020,30.6193,68.7432
Rajkot,Hazardous,4374,47,23232,6,Recycling,1541.0,7,Rajkot Landfill,62818,2020,30.6193,68.7432
Rajkot,Plastic,8303,77,23232,6,Composting,778.0,11,Rajkot Landfill,62818,2021,30.6193,68.7432
Rajkot,Organic,1800,67,23232,7,Recycling,1361.0,10,Rajkot Landfill,62818,2021,30.6193,68.7432
Rajkot,E-Waste,959,83,23232,10,Recycling,4555.0,1,Rajkot Landfill,62818,2021,30.6193,68.7432
Rajkot,Construction,7305,44,23232,5,Recycling,2973.0,8,Rajkot Landfill,62818,2021,30.6193,68.7432
Rajkot,Hazardous,2669,85,23232,10,Incineration,2793.0,17,Rajkot Landfill,62818,2021,30.6193,68.7432
Rajkot,Plastic,3136,37,23232,8,Incineration,4999.0,1,Rajkot Landfill,62818,2022,30.6193,68.7432
Rajkot,Organic,8212,59,23232,5,Landfill,4516.0,5,Rajkot Landfill,62818,2022,30.6193,68.7432
Rajkot,E-Waste,9144,38,23232,10,Landfill,1079.0,11,Rajkot Landfill,62818,2022,30.6193,68.7432
Rajkot,Construction,3077,71,23232,8,Incineration,2851.0,13,Rajkot Landfill,62818,2022,30.6193,68.7432
Rajkot,Hazardous,3626,38,23232,7,Incineration,2629.0,3,Rajkot Landfill,62818,2022,30.6193,68.7432
Rajkot,Plastic,9686,69,23232,9,Landfill,3744.0,15,Rajkot Landfill,62818,2023,30.6193,68.7432
Rajkot,Organic,5600,55,23232,8,Composting,1074.0,7,Rajkot Landfill,62818,2023,30.6193,68.7432
Rajkot,E-Waste,6532,77,23232,5,Landfill,3045.0,10,Rajkot Landfill,62818,2023,30.6193,68.7432
Rajkot,Construction,7574,41,23232,8,Composting,691.0,20,Rajkot Landfill,62818,2023,30.6193,68.7432
Rajkot,Hazardous,2256,61,23232,9,Incineration,1350.0,3,Rajkot Landfill,62818,2023,30.6193,68.7432
Madurai,Plastic,8741,53,19454,9,Landfill,1385.0,12,Madurai Landfill,51929,2019,13.1884,95.8263
Madurai,Organic,6764,40,19454,8,Composting,4083.0,6,Madurai Landfill,51929,2019,13.1884,95.8263
Madurai,E-Waste,8320,53,19454,10,Incineration,2290.0,14,Madurai Landfill,51929,2019,13.1884,95.8263
Madurai,Construction,8475,33,19454,5,Landfill,4852.0,2,Madurai Landfill,51929,2019,13.1884,95.8263
Madurai,Hazardous,8167,55,19454,6,Incineration,3261.0,15,Madurai Landfill,51929,2019,13.1884,95.8263
Madurai,Plastic,8700,79,19454,5,Recycling,2505.0,2,Madurai Landfill,51929,2020,13.1884,95.8263
Madurai,Organic,5760,60,19454,8,Composting,3266.0,4,Madurai Landfill,51929,2020,13.1884,95.8263
Madurai,E-Waste,7043,50,19454,7,Landfill,4625.0,3,Madurai Landfill,51929,2020,13.1884,95.8263
Madurai,Construction,7206,74,19454,9,Landfill,3529.0,4,Madurai Landfill,51929,2020,13.1884,95.8263
Madurai,Hazardous,9740,55,19454,5,Incineration,3197.0,2,Madurai Landfill,51929,2020,13.1884,95.8263
Madurai,Plastic,6503,79,19454,8,Landfill,2647.0,16,Madurai Landfill,51929,2021,13.1884,95.8263
Madurai,Organic,9455,66,19454,7,Landfill,2762.0,13,Madurai Landfill,51929,2021,13.1884,95.8263
Madurai,E-Waste,4955,31,19454,6,Landfill,4887.0,15,Madurai Landfill,51929,2021,13.1884,95.8263
Madurai,Construction,7446,57,19454,6,Incineration,1248.0,15,Madurai Landfill,51929,2021,13.1884,95.8263
Madurai,Hazardous,8006,46,19454,9,Recycling,1181.0,19,Madurai Landfill,51929,2021,13.1884,95.8263
Madurai,Plastic,6678,66,19454,9,Incineration,4434.0,3,Madurai Landfill,51929,2022,13.1884,95.8263
Madurai,Organic,4686,51,19454,5,Recycling,762.0,12,Madurai Landfill,51929,2022,13.1884,95.8263
Madurai,E-Waste,2979,73,19454,5,Incineration,4480.0,7,Madurai Landfill,51929,2022,13.1884,95.8263
Madurai,Construction,6526,38,19454,7,Recycling,1149.0,20,Madurai Landfill,51929,2022,13.1884,95.8263
Madurai,Hazardous,577,83,19454,7,Recycling,4530.0,18,Madurai Landfill,51929,2022,13.1884,95.8263
Madurai,Plastic,558,63,19454,9,Recycling,614.0,0,Madurai Landfill,51929,2023,13.1884,95.8263
Madurai,Organic,2461,33,19454,6,Landfill,3223.0,4,Madurai Landfill,51929,2023,13.1884,95.8263
Madurai,E-Waste,586,48,19454,9,Landfill,1161.0,13,Madurai Landfill,51929,2023,13.1884,95.8263
Madurai,Construction,2023,44,19454,9,Landfill,4545.0,16,Madurai Landfill,51929,2023,13.1884,95.8263
Madurai,Hazardous,1905,74,19454,9,Composting,2265.0,18,Madurai Landfill,51929,2023,13.1884,95.8263
Jabalpur,Plastic,3200,58,7118,9,Recycling,602.0,13,Jabalpur Landfill,63720,2019,20.0639,89.516
Jabalpur,Organic,1169,71,7118,6,Incineration,3046.0,16,Jabalpur Landfill,63720,2019,20.0639,89.516
Jabalpur,E-Waste,7795,72,7118,10,Landfill,4026.0,7,Jabalpur Landfill,63720,2019,20.0639,89.516
Jabalpur,Construction,5367,32,7118,5,Composting,4155.0,4,Jabalpur Landfill,63720,2019,20.0639,89.516
Jabalpur,Hazardous,6122,76,7118,8,Recycling,3926.0,10,Jabalpur Landfill,63720,2019,20.0639,89.516
Jabalpur,Plastic,2337,69,7118,9,Landfill,3011.0,15,Jabalpur Landfill,63720,2020,20.0639,89.516
Jabalpur,Organic,891,74,7118,5,Recycling,2819.0,16,Jabalpur Landfill,63720,2020,20.0639,89.516
Jabalpur,E-Waste,2321,60,7118,10,Landfill,3441.0,0,Jabalpur Landfill,63720,2020,20.0639,89.516
Jabalpur,Construction,2536,72,7118,8,Composting,3991.0,13,Jabalpur Landfill,63720,2020,20.0639,89.516
Jabalpur,Hazardous,4315,39,7118,5,Incineration,3444.0,4,Jabalpur Landfill,63720,2020,20.0639,89.516
Jabalpur,Plastic,3957,40,7118,6,Composting,872.0,15,Jabalpur Landfill,63720,2021,20.0639,89.516
Jabalpur,Organic,6528,48,7118,9,Landfill,1862.0,9,Jabalpur Landfill,63720,2021,20.0639,89.516
Jabalpur,E-Waste,9148,65,7118,5,Incineration,3322.0,4,Jabalpur Landfill,63720,2021,20.0639,89.516
Jabalpur,Construction,2988,53,7118,6,Composting,3631.0,20,Jabalpur Landfill,63720,2021,20.0639,89.516
Jabalpur,Hazardous,5235,33,7118,6,Recycling,2870.0,16,Jabalpur Landfill,63720,2021,20.0639,89.516
Jabalpur,Plastic,7833,72,7118,10,Incineration,997.0,1,Jabalpur Landfill,63720,2022,20.0639,89.516
Jabalpur,Organic,5713,85,7118,5,Recycling,3842.0,15,Jabalpur Landfill,63720,2022,20.0639,89.516
Jabalpur,E-Waste,5990,37,7118,6,Incineration,3278.0,2,Jabalpur Landfill,63720,2022,20.0639,89.516
Jabalpur,Construction,9076,37,7118,10,Landfill,1340.0,15,Jabalpur Landfill,63720,2022,20.0639,89.516
Jabalpur,Hazardous,1907,74,7118,5,Incineration,557.0,6,Jabalpur Landfill,63720,2022,20.0639,89.516
Jabalpur,Plastic,4114,42,7118,6,Recycling,2176.0,1,Jabalpur Landfill,63720,2023,20.0639,89.516
Jabalpur,Organic,2259,75,7118,10,Recycling,1100.0,5,Jabalpur Landfill,63720,2023,20.0639,89.516
Jabalpur,E-Waste,9698,79,7118,8,Incineration,3131.0,15,Jabalpur Landfill,63720,2023,20.0639,89.516
Jabalpur,Construction,2595,81,7118,7,Composting,993.0,14,Jabalpur Landfill,63720,2023,20.0639,89.516
Jabalpur,Hazardous,8135,79,7118,6,Composting,2933.0,3,Jabalpur Landfill,63720,2023,20.0639,89.516
Allahabad,Plastic,6010,71,19181,5,Incineration,915.0,0,Allahabad Landfill,35432,2019,35.9642,87.6951
Allahabad,Organic,2008,54,19181,5,Recycling,1878.0,5,Allahabad Landfill,35432,2019,35.9642,87.6951
Allahabad,E-Waste,7959,71,19181,7,Incineration,4898.0,8,Allahabad Landfill,35432,2019,35.9642,87.6951
Allahabad,Construction,3618,73,19181,5,Recycling,1318.0,12,Allahabad Landfill,35432,2019,35.9642,87.6951
Allahabad,Hazardous,5820,34,19181,7,Composting,4725.0,6,Allahabad Landfill,35432,2019,35.9642,87.6951
Allahabad,Plastic,4462,55,19181,5,Recycling,4317.0,16,Allahabad Landfill,35432,2020,35.9642,87.6951
Allahabad,Organic,5920,54,19181,6,Recycling,2492.0,6,Allahabad Landfill,35432,2020,35.9642,87.6951
Allahabad,E-Waste,9769,38,19181,6,Composting,1976.0,6,Allahabad Landfill,35432,2020,35.9642,87.6951
Allahabad,Construction,4796,78,19181,8,Landfill,3524.0,4,Allahabad Landfill,35432,2020,35.9642,87.6951
Allahabad,Hazardous,2461,39,19181,9,Incineration,1811.0,8,Allahabad Landfill,35432,2020,35.9642,87.6951
Allahabad,Plastic,9096,76,19181,5,Composting,3310.0,17,Allahabad Landfill,35432,2021,35.9642,87.6951
Allahabad,Organic,1944,53,19181,10,Landfill,3544.0,17,Allahabad Landfill,35432,2021,35.9642,87.6951
Allahabad,E-Waste,3083,58,19181,5,Composting,2181.0,9,Allahabad Landfill,35432,2021,35.9642,87.6951
Allahabad,Construction,9041,33,19181,9,Landfill,1487.0,2,Allahabad Landfill,35432,2021,35.9642,87.6951
Allahabad,Hazardous,2075,53,19181,9,Composting,1218.0,16,Allahabad Landfill,35432,2021,35.9642,87.6951
Allahabad,Plastic,9603,36,19181,6,Recycling,1145.0,17,Allahabad Landfill,35432,2022,35.9642,87.6951
Allahabad,Organic,4604,38,19181,6,Landfill,2987.0,13,Allahabad Landfill,35432,2022,35.9642,87.6951
Allahabad,E-Waste,5732,32,19181,7,Incineration,3137.0,19,Allahabad Landfill,35432,2022,35.9642,87.6951
Allahabad,Construction,9883,50,19181,6,Composting,4134.0,15,Allahabad Landfill,35432,2022,35.9642,87.6951
Allahabad,Hazardous,1331,74,19181,6,Composting,3021.0,4,Allahabad Landfill,35432,2022,35.9642,87.6951
Allahabad,Plastic,6209,47,19181,10,Landfill,2392.0,5,Allahabad Landfill,35432,2023,35.9642,87.6951
Allahabad,Organic,7713,63,19181,5,Composting,1504.0,6,Allahabad Landfill,35432,2023,35.9642,87.6951
Allahabad,E-Waste,4700,78,19181,6,Composting,4043.0,15,Allahabad Landfill,35432,2023,35.9642,87.6951
Allahabad,Construction,9415,69,19181,8,Recycling,3994.0,17,Allahabad Landfill,35432,2023,35.9642,87.6951
Allahabad,Hazardous,2712,54,19181,7,Landfill,3778.0,17,Allahabad Landfill,35432,2023,35.9642,87.6951
Visakhapatnam,Plastic,5770,75,12359,10,Recycling,849.0,12,Visakhapatnam Landfill,48016,2019,12.4235,85.6407
Visakhapatnam,Organic,3716,63,12359,9,Recycling,2761.0,9,Visakhapatnam Landfill,48016,2019,12.4235,85.6407
Visakhapatnam,E-Waste,1507,85,12359,7,Recycling,1357.0,8,Visakhapatnam Landfill,48016,2019,12.4235,85.6407
Visakhapatnam,Construction,6216,61,12359,5,Recycling,4944.0,1,Visakhapatnam Landfill,48016,2019,12.4235,85.6407
Visakhapatnam,Hazardous,5910,39,12359,5,Landfill,3743.0,15,Visakhapatnam Landfill,48016,2019,12.4235,85.6407
Visakhapatnam,Plastic,4884,56,12359,5,Recycling,895.0,11,Visakhapatnam Landfill,48016,2020,12.4235,85.6407
Visakhapatnam,Organic,7111,54,12359,5,Composting,1267.0,11,Visakhapatnam Landfill,48016,2020,12.4235,85.6407
Visakhapatnam,E-Waste,4042,78,12359,6,Landfill,1250.0,17,Visakhapatnam Landfill,48016,2020,12.4235,85.6407
Visakhapatnam,Construction,3381,48,12359,5,Landfill,4978.0,17,Visakhapatnam Landfill,48016,2020,12.4235,85.6407
Visakhapatnam,Hazardous,588,76,12359,8,Incineration,3832.0,15,Visakhapatnam Landfill,48016,2020,12.4235,85.6407
Visakhapatnam,Plastic,9354,73,12359,6,Landfill,1758.0,16,Visakhapatnam Landfill,48016,2021,12.4235,85.6407
Visakhapatnam,Organic,7018,53,12359,6,Recycling,4005.0,5,Visakhapatnam Landfill,48016,2021,12.4235,85.6407
Visakhapatnam,E-Waste,7321,31,12359,8,Composting,4193.0,11,Visakhapatnam Landfill,48016,2021,12.4235,85.6407
Visakhapatnam,Construction,9575,65,12359,6,Composting,3043.0,0,Visakhapatnam Landfill,48016,2021,12.4235,85.6407
Visakhapatnam,Hazardous,2751,30,12359,7,Composting,1396.0,17,Visakhapatnam Landfill,48016,2021,12.4235,85.6407
Visakhapatnam,Plastic,3074,77,12359,10,Composting,4735.0,14,Visakhapatnam Landfill,48016,2022,12.4235,85.6407
Visakhapatnam,Organic,4528,78,12359,8,Recycling,2938.0,18,Visakhapatnam Landfill,48016,2022,12.4235,85.6407
Visakhapatnam,E-Waste,545,68,12359,5,Incineration,4818.0,10,Visakhapatnam Landfill,48016,2022,12.4235,85.6407
Visakhapatnam,Construction,4931,58,12359,6,Composting,2921.0,0,Visakhapatnam Landfill,48016,2022,12.4235,85.6407
Visakhapatnam,Hazardous,7605,31,12359,8,Composting,1191.0,16,Visakhapatnam Landfill,48016,2022,12.4235,85.6407
Visakhapatnam,Plastic,7054,62,12359,6,Composting,1978.0,10,Visakhapatnam Landfill,48016,2023,12.4235,85.6407
Visakhapatnam,Organic,7615,39,12359,5,Recycling,3030.0,11,Visakhapatnam Landfill,48016,2023,12.4235,85.6407
Visakhapatnam,E-Waste,6752,48,12359,5,Composting,986.0,1,Visakhapatnam Landfill,48016,2023,12.4235,85.6407
Visakhapatnam,Construction,8160,58,12359,6,Incineration,3943.0,0,Visakhapatnam Landfill,48016,2023,12.4235,85.6407
Visakhapatnam,Hazardous,2622,85,12359,9,Recycling,1879.0,15,Visakhapatnam Landfill,48016,2023,12.4235,85.6407
Gwalior,Plastic,5559,49,11280,6,Recycling,735.0,5,Gwalior Landfill,54460,2019,10.9566,91.6565
Gwalior,Organic,549,32,11280,8,Composting,4300.0,7,Gwalior Landfill,54460,2019,10.9566,91.6565
Gwalior,E-Waste,6318,66,11280,9,Composting,3620.0,3,Gwalior Landfill,54460,2019,10.9566,91.6565
Gwalior,Construction,7388,74,11280,8,Landfill,3177.0,6,Gwalior Landfill,54460,2019,10.9566,91.6565
Gwalior,Hazardous,3629,34,11280,8,Incineration,4718.0,14,Gwalior Landfill,54460,2019,10.9566,91.6565
Gwalior,Plastic,4765,62,11280,10,Landfill,4218.0,3,Gwalior Landfill,54460,2020,10.9566,91.6565
Gwalior,Organic,9036,47,11280,5,Composting,3454.0,6,Gwalior Landfill,54460,2020,10.9566,91.6565
Gwalior,E-Waste,1600,85,11280,6,Composting,4572.0,6,Gwalior Landfill,54460,2020,10.9566,91.6565
Gwalior,Construction,5094,34,11280,5,Composting,3993.0,17,Gwalior Landfill,54460,2020,10.9566,91.6565
Gwalior,Hazardous,1827,49,11280,7,Incineration,1661.0,9,Gwalior Landfill,54460,2020,10.9566,91.6565
Gwalior,Plastic,2782,51,11280,9,Recycling,4711.0,14,Gwalior Landfill,54460,2021,10.9566,91.6565
Gwalior,Organic,9542,61,11280,7,Incineration,4239.0,2,Gwalior Landfill,54460,2021,10.9566,91.6565
Gwalior,E-Waste,5503,61,11280,8,Composting,1671.0,20,Gwalior Landfill,54460,2021,10.9566,91.6565
Gwalior,Construction,8284,45,11280,5,Landfill,3055.0,6,Gwalior Landfill,54460,2021,10.9566,91.6565
Gwalior,Hazardous,1014,51,11280,9,Recycling,1873.0,10,Gwalior Landfill,54460,2021,10.9566,91.6565
Gwalior,Plastic,3556,41,11280,10,Incineration,4042.0,2,Gwalior Landfill,54460,2022,10.9566,91.6565
Gwalior,Organic,9726,50,11280,10,Recycling,4444.0,7,Gwalior Landfill,54460,2022,10.9566,91.6565
Gwalior,E-Waste,5300,60,11280,5,Composting,669.0,15,Gwalior Landfill,54460,2022,10.9566,91.6565
Gwalior,Construction,7561,47,11280,8,Composting,3024.0,18,Gwalior Landfill,54460,2022,10.9566,91.6565
Gwalior,Hazardous,4272,41,11280,6,Incineration,4123.0,9,Gwalior Landfill,54460,2022,10.9566,91.6565
Gwalior,Plastic,6842,42,11280,8,Recycling,3546.0,15,Gwalior Landfill,54460,2023,10.9566,91.6565
Gwalior,Organic,5233,38,11280,10,Recycling,1146.0,5,Gwalior Landfill,54460,2023,10.9566,91.6565
Gwalior,E-Waste,9903,41,11280,7,Landfill,3260.0,4,Gwalior Landfill,54460,2023,10.9566,91.6565
Gwalior,Construction,7540,77,11280,6,Composting,4220.0,7,Gwalior Landfill,54460,2023,10.9566,91.6565
Gwalior,Hazardous,2480,58,11280,6,Composting,1081.0,19,Gwalior Landfill,54460,2023,10.9566,91.6565
